"start_time";"end_time";"ch";"episode_id";"viewer";"id"
"2024-02-28 09:00:00";"2024-02-28 10:00:00";1;23;82624820;1
"2024-02-28 10:00:00";"2024-02-28 11:00:00";1;4;47216719;2
"2024-02-28 11:00:00";"2024-02-28 12:00:00";1;7;70151860;3
"2024-02-28 12:00:00";"2024-02-28 13:00:00";1;7;44662737;4
"2024-02-28 13:00:00";"2024-02-28 14:00:00";1;17;1947075;5
"2024-02-28 14:00:00";"2024-02-28 15:00:00";1;3;92101732;6
"2024-02-28 15:00:00";"2024-02-28 16:00:00";1;4;67420449;7
"2024-02-28 16:00:00";"2024-02-28 17:00:00";1;19;85213262;8
"2024-02-28 17:00:00";"2024-02-28 18:00:00";1;17;97538868;9
"2024-02-28 18:00:00";"2024-02-28 19:00:00";1;9;14305594;10
"2024-02-28 19:00:00";"2024-02-28 20:00:00";1;22;54565481;11
"2024-02-28 20:00:00";"2024-02-28 21:00:00";1;11;781696;12
"2024-02-28 21:00:00";"2024-02-28 22:00:00";1;25;24657998;13
"2024-02-28 22:00:00";"2024-02-28 23:00:00";1;4;99534835;14
"2024-02-28 23:00:00";"2024-02-29 00:00:00";1;8;34787148;15
"2024-02-29 00:00:00";"2024-02-29 01:00:00";1;5;11437261;16
"2024-02-29 01:00:00";"2024-02-29 02:00:00";1;9;39547315;17
"2024-02-29 02:00:00";"2024-02-29 03:00:00";1;16;5351576;18
"2024-02-29 03:00:00";"2024-02-29 04:00:00";1;7;7826570;19
"2024-02-29 04:00:00";"2024-02-29 05:00:00";1;5;62350124;20
"2024-02-29 05:00:00";"2024-02-29 06:00:00";1;9;65721291;21
"2024-02-29 06:00:00";"2024-02-29 07:00:00";1;8;58592443;22
"2024-02-29 07:00:00";"2024-02-29 08:00:00";1;24;85071919;23
"2024-02-29 08:00:00";"2024-02-29 09:00:00";1;18;25416626;24
"2024-02-29 09:00:00";"2024-02-29 10:00:00";1;13;18924602;25
"2024-02-29 10:00:00";"2024-02-29 11:00:00";1;21;13791800;26
"2024-02-29 11:00:00";"2024-02-29 12:00:00";1;12;81264180;27
"2024-02-29 12:00:00";"2024-02-29 13:00:00";1;15;38812974;28
"2024-02-29 13:00:00";"2024-02-29 14:00:00";1;25;11505584;29
"2024-02-29 14:00:00";"2024-02-29 15:00:00";1;14;52165630;30
"2024-02-29 15:00:00";"2024-02-29 16:00:00";1;22;273790;31
"2024-02-29 16:00:00";"2024-02-29 17:00:00";1;3;45527859;32
"2024-02-29 17:00:00";"2024-02-29 18:00:00";1;13;35560607;33
"2024-02-29 18:00:00";"2024-02-29 19:00:00";1;1;5106843;34
"2024-02-29 19:00:00";"2024-02-29 20:00:00";1;10;43845309;35
"2024-02-29 20:00:00";"2024-02-29 21:00:00";1;7;41631400;36
"2024-02-29 21:00:00";"2024-02-29 22:00:00";1;1;93443724;37
"2024-02-29 22:00:00";"2024-02-29 23:00:00";1;3;6162350;38
"2024-02-29 23:00:00";"2024-03-01 00:00:00";1;5;24257958;39
"2024-03-01 00:00:00";"2024-03-01 01:00:00";1;23;60369929;40
"2024-03-01 01:00:00";"2024-03-01 02:00:00";1;24;4099242;41
"2024-03-01 02:00:00";"2024-03-01 03:00:00";1;14;11106778;42
"2024-03-01 03:00:00";"2024-03-01 04:00:00";1;3;54525700;43
"2024-03-01 04:00:00";"2024-03-01 05:00:00";1;2;99133097;44
"2024-03-01 05:00:00";"2024-03-01 06:00:00";1;15;64163162;45
"2024-03-01 06:00:00";"2024-03-01 07:00:00";1;8;76997231;46
"2024-03-01 07:00:00";"2024-03-01 08:00:00";1;23;23061298;47
"2024-03-01 08:00:00";"2024-03-01 09:00:00";1;6;42921859;48
"2024-03-01 09:00:00";"2024-03-01 10:00:00";1;13;83892661;49
"2024-03-01 10:00:00";"2024-03-01 11:00:00";1;22;57987992;50
"2024-03-01 11:00:00";"2024-03-01 12:00:00";1;25;33654575;51
"2024-03-01 12:00:00";"2024-03-01 13:00:00";1;17;50152907;52
"2024-03-01 13:00:00";"2024-03-01 14:00:00";1;10;49721095;53
"2024-03-01 14:00:00";"2024-03-01 15:00:00";1;22;58203694;54
"2024-03-01 15:00:00";"2024-03-01 16:00:00";1;12;6165868;55
"2024-03-01 16:00:00";"2024-03-01 17:00:00";1;6;44467143;56
"2024-03-01 17:00:00";"2024-03-01 18:00:00";1;12;87599330;57
"2024-03-01 18:00:00";"2024-03-01 19:00:00";1;3;80113871;58
"2024-03-01 19:00:00";"2024-03-01 20:00:00";1;13;88511464;59
"2024-03-01 20:00:00";"2024-03-01 21:00:00";1;15;99666844;60
"2024-03-01 21:00:00";"2024-03-01 22:00:00";1;3;14272427;61
"2024-03-01 22:00:00";"2024-03-01 23:00:00";1;18;20621495;62
"2024-03-01 23:00:00";"2024-03-02 00:00:00";1;18;26318580;63
"2024-03-02 00:00:00";"2024-03-02 01:00:00";1;24;13988157;64
"2024-03-02 01:00:00";"2024-03-02 02:00:00";1;21;67253979;65
"2024-03-02 02:00:00";"2024-03-02 03:00:00";1;14;96472490;66
"2024-03-02 03:00:00";"2024-03-02 04:00:00";1;18;73053232;67
"2024-03-02 04:00:00";"2024-03-02 05:00:00";1;23;44622649;68
"2024-03-02 05:00:00";"2024-03-02 06:00:00";1;20;98498772;69
"2024-03-02 06:00:00";"2024-03-02 07:00:00";1;9;25612843;70
"2024-03-02 07:00:00";"2024-03-02 08:00:00";1;13;475120;71
"2024-03-02 08:00:00";"2024-03-02 09:00:00";1;22;13733636;72
"2024-03-02 09:00:00";"2024-03-02 10:00:00";1;16;1637616;73
"2024-03-02 10:00:00";"2024-03-02 11:00:00";1;24;51764434;74
"2024-03-02 11:00:00";"2024-03-02 12:00:00";1;3;86949434;75
"2024-03-02 12:00:00";"2024-03-02 13:00:00";1;5;3170006;76
"2024-03-02 13:00:00";"2024-03-02 14:00:00";1;22;18126522;77
"2024-03-02 14:00:00";"2024-03-02 15:00:00";1;17;75760202;78
"2024-03-02 15:00:00";"2024-03-02 16:00:00";1;25;19446274;79
"2024-03-02 16:00:00";"2024-03-02 17:00:00";1;21;26662403;80
"2024-03-02 17:00:00";"2024-03-02 18:00:00";1;4;33775717;81
"2024-03-02 18:00:00";"2024-03-02 19:00:00";1;24;49073871;82
"2024-03-02 19:00:00";"2024-03-02 20:00:00";1;22;43984137;83
"2024-03-02 20:00:00";"2024-03-02 21:00:00";1;20;5493527;84
"2024-03-02 21:00:00";"2024-03-02 22:00:00";1;25;33862172;85
"2024-03-02 22:00:00";"2024-03-02 23:00:00";1;25;92498909;86
"2024-03-02 23:00:00";"2024-03-03 00:00:00";1;8;38824762;87
"2024-03-03 00:00:00";"2024-03-03 01:00:00";1;19;76466426;88
"2024-03-03 01:00:00";"2024-03-03 02:00:00";1;11;32392716;89
"2024-03-03 02:00:00";"2024-03-03 03:00:00";1;6;26075993;90
"2024-03-03 03:00:00";"2024-03-03 04:00:00";1;25;64902305;91
"2024-03-03 04:00:00";"2024-03-03 05:00:00";1;4;29451676;92
"2024-03-03 05:00:00";"2024-03-03 06:00:00";1;6;29073005;93
"2024-03-03 06:00:00";"2024-03-03 07:00:00";1;13;35137731;94
"2024-03-03 07:00:00";"2024-03-03 08:00:00";1;17;68770720;95
"2024-03-03 08:00:00";"2024-03-03 09:00:00";1;6;5876341;96
"2024-03-03 09:00:00";"2024-03-03 10:00:00";1;18;76150915;97
"2024-03-03 10:00:00";"2024-03-03 11:00:00";1;4;51733967;98
"2024-03-03 11:00:00";"2024-03-03 12:00:00";1;11;74778898;99
"2024-03-03 12:00:00";"2024-03-03 13:00:00";1;3;89224686;100
"2024-03-03 13:00:00";"2024-03-03 14:00:00";1;23;56541263;101
"2024-03-03 14:00:00";"2024-03-03 15:00:00";1;13;720489;102
"2024-03-03 15:00:00";"2024-03-03 16:00:00";1;10;5233951;103
"2024-03-03 16:00:00";"2024-03-03 17:00:00";1;11;83952584;104
"2024-03-03 17:00:00";"2024-03-03 18:00:00";1;25;84501936;105
"2024-03-03 18:00:00";"2024-03-03 19:00:00";1;1;45438514;106
"2024-03-03 19:00:00";"2024-03-03 20:00:00";1;3;9988809;107
"2024-03-03 20:00:00";"2024-03-03 21:00:00";1;22;10174670;108
"2024-03-03 21:00:00";"2024-03-03 22:00:00";1;17;40619921;109
"2024-03-03 22:00:00";"2024-03-03 23:00:00";1;13;69181863;110
"2024-03-03 23:00:00";"2024-03-04 00:00:00";1;5;70191057;111
"2024-03-04 00:00:00";"2024-03-04 01:00:00";1;16;38065237;112
"2024-03-04 01:00:00";"2024-03-04 02:00:00";1;1;43978866;113
"2024-03-04 02:00:00";"2024-03-04 03:00:00";1;25;45543230;114
"2024-03-04 03:00:00";"2024-03-04 04:00:00";1;8;64855736;115
"2024-03-04 04:00:00";"2024-03-04 05:00:00";1;1;48120991;116
"2024-03-04 05:00:00";"2024-03-04 06:00:00";1;20;46118216;117
"2024-03-04 06:00:00";"2024-03-04 07:00:00";1;8;83250531;118
"2024-03-04 07:00:00";"2024-03-04 08:00:00";1;10;53475607;119
"2024-03-04 08:00:00";"2024-03-04 09:00:00";1;5;31265721;120
"2024-03-04 09:00:00";"2024-03-04 10:00:00";1;18;3757176;121
"2024-03-04 10:00:00";"2024-03-04 11:00:00";1;17;79248803;122
"2024-03-04 11:00:00";"2024-03-04 12:00:00";1;13;33058162;123
"2024-03-04 12:00:00";"2024-03-04 13:00:00";1;15;36234058;124
"2024-03-04 13:00:00";"2024-03-04 14:00:00";1;16;50245013;125
"2024-03-04 14:00:00";"2024-03-04 15:00:00";1;4;77552718;126
"2024-03-04 15:00:00";"2024-03-04 16:00:00";1;20;73779437;127
"2024-03-04 16:00:00";"2024-03-04 17:00:00";1;13;30753459;128
"2024-03-04 17:00:00";"2024-03-04 18:00:00";1;20;39312589;129
"2024-03-04 18:00:00";"2024-03-04 19:00:00";1;14;10789205;130
"2024-03-04 19:00:00";"2024-03-04 20:00:00";1;23;23870502;131
"2024-03-04 20:00:00";"2024-03-04 21:00:00";1;4;67750637;132
"2024-03-04 21:00:00";"2024-03-04 22:00:00";1;6;78938174;133
"2024-03-04 22:00:00";"2024-03-04 23:00:00";1;20;96369334;134
"2024-03-04 23:00:00";"2024-03-05 00:00:00";1;7;1403206;135
"2024-03-05 00:00:00";"2024-03-05 01:00:00";1;11;38140636;136
"2024-03-05 01:00:00";"2024-03-05 02:00:00";1;14;8003978;137
"2024-03-05 02:00:00";"2024-03-05 03:00:00";1;3;69873033;138
"2024-03-05 03:00:00";"2024-03-05 04:00:00";1;2;58317626;139
"2024-03-05 04:00:00";"2024-03-05 05:00:00";1;7;47713838;140
"2024-03-05 05:00:00";"2024-03-05 06:00:00";1;18;93908040;141
"2024-03-05 06:00:00";"2024-03-05 07:00:00";1;6;64499800;142
"2024-03-05 07:00:00";"2024-03-05 08:00:00";1;7;10334375;143
"2024-03-05 08:00:00";"2024-03-05 09:00:00";1;19;77218177;144
"2024-03-05 09:00:00";"2024-03-05 10:00:00";1;21;45409449;145
"2024-03-05 10:00:00";"2024-03-05 11:00:00";1;5;87333101;146
"2024-03-05 11:00:00";"2024-03-05 12:00:00";1;16;75320791;147
"2024-03-05 12:00:00";"2024-03-05 13:00:00";1;11;71940872;148
"2024-03-05 13:00:00";"2024-03-05 14:00:00";1;5;41723134;149
"2024-03-05 14:00:00";"2024-03-05 15:00:00";1;6;685663;150
"2024-03-05 15:00:00";"2024-03-05 16:00:00";1;21;52230673;151
"2024-03-05 16:00:00";"2024-03-05 17:00:00";1;16;59926069;152
"2024-03-05 17:00:00";"2024-03-05 18:00:00";1;1;76243713;153
"2024-03-05 18:00:00";"2024-03-05 19:00:00";1;14;89937390;154
"2024-03-05 19:00:00";"2024-03-05 20:00:00";1;18;2913193;155
"2024-03-05 20:00:00";"2024-03-05 21:00:00";1;6;16421721;156
"2024-03-05 21:00:00";"2024-03-05 22:00:00";1;8;1266241;157
"2024-03-05 22:00:00";"2024-03-05 23:00:00";1;15;88047190;158
"2024-03-05 23:00:00";"2024-03-06 00:00:00";1;5;69887219;159
"2024-03-06 00:00:00";"2024-03-06 01:00:00";1;18;76231169;160
"2024-03-06 01:00:00";"2024-03-06 02:00:00";1;1;38684891;161
"2024-03-06 02:00:00";"2024-03-06 03:00:00";1;6;31314522;162
"2024-03-06 03:00:00";"2024-03-06 04:00:00";1;1;74603195;163
"2024-03-06 04:00:00";"2024-03-06 05:00:00";1;12;45351848;164
"2024-03-06 05:00:00";"2024-03-06 06:00:00";1;4;90888966;165
"2024-03-06 06:00:00";"2024-03-06 07:00:00";1;22;40985990;166
"2024-03-06 07:00:00";"2024-03-06 08:00:00";1;6;92765421;167
"2024-03-06 08:00:00";"2024-03-06 09:00:00";1;10;78615586;168
"2024-03-06 09:00:00";"2024-03-06 10:00:00";1;7;45938863;169
"2024-03-06 10:00:00";"2024-03-06 11:00:00";1;4;60946848;170
"2024-03-06 11:00:00";"2024-03-06 12:00:00";1;22;95963406;171
"2024-03-06 12:00:00";"2024-03-06 13:00:00";1;20;71002046;172
"2024-03-06 13:00:00";"2024-03-06 14:00:00";1;24;21592909;173
"2024-03-06 14:00:00";"2024-03-06 15:00:00";1;21;33006847;174
"2024-03-06 15:00:00";"2024-03-06 16:00:00";1;1;82161741;175
"2024-03-06 16:00:00";"2024-03-06 17:00:00";1;22;56878792;176
"2024-03-06 17:00:00";"2024-03-06 18:00:00";1;12;33869295;177
"2024-03-06 18:00:00";"2024-03-06 19:00:00";1;16;58184293;178
"2024-03-06 19:00:00";"2024-03-06 20:00:00";1;5;91523689;179
"2024-03-06 20:00:00";"2024-03-06 21:00:00";1;25;23628598;180
"2024-03-06 21:00:00";"2024-03-06 22:00:00";1;19;7565564;181
"2024-03-06 22:00:00";"2024-03-06 23:00:00";1;21;74911861;182
"2024-03-06 23:00:00";"2024-03-07 00:00:00";1;14;18594507;183
"2024-03-07 00:00:00";"2024-03-07 01:00:00";1;24;23956587;184
"2024-03-07 01:00:00";"2024-03-07 02:00:00";1;10;68521453;185
"2024-03-07 02:00:00";"2024-03-07 03:00:00";1;24;83232074;186
"2024-03-07 03:00:00";"2024-03-07 04:00:00";1;23;87046287;187
"2024-03-07 04:00:00";"2024-03-07 05:00:00";1;23;14626820;188
"2024-03-07 05:00:00";"2024-03-07 06:00:00";1;25;70399098;189
"2024-03-07 06:00:00";"2024-03-07 07:00:00";1;13;57820030;190
"2024-03-07 07:00:00";"2024-03-07 08:00:00";1;25;48986855;191
"2024-03-07 08:00:00";"2024-03-07 09:00:00";1;22;58460026;192
"2024-03-07 09:00:00";"2024-03-07 10:00:00";1;25;12367965;193
"2024-03-07 10:00:00";"2024-03-07 11:00:00";1;8;22065424;194
"2024-03-07 11:00:00";"2024-03-07 12:00:00";1;22;7261117;195
"2024-03-07 12:00:00";"2024-03-07 13:00:00";1;13;1131148;196
"2024-03-07 13:00:00";"2024-03-07 14:00:00";1;15;98320099;197
"2024-03-07 14:00:00";"2024-03-07 15:00:00";1;11;465397;198
"2024-03-07 15:00:00";"2024-03-07 16:00:00";1;12;36223924;199
"2024-03-07 16:00:00";"2024-03-07 17:00:00";1;23;74637443;200
"2024-03-07 17:00:00";"2024-03-07 18:00:00";1;20;73104597;201
"2024-03-07 18:00:00";"2024-03-07 19:00:00";1;20;27224439;202
"2024-03-07 19:00:00";"2024-03-07 20:00:00";1;20;94139412;203
"2024-03-07 20:00:00";"2024-03-07 21:00:00";1;23;85264886;204
"2024-03-07 21:00:00";"2024-03-07 22:00:00";1;17;46758451;205
"2024-03-07 22:00:00";"2024-03-07 23:00:00";1;12;65226876;206
"2024-03-07 23:00:00";"2024-03-08 00:00:00";1;23;78662472;207
"2024-03-08 00:00:00";"2024-03-08 01:00:00";1;16;15462692;208
"2024-03-08 01:00:00";"2024-03-08 02:00:00";1;3;83824243;209
"2024-03-08 02:00:00";"2024-03-08 03:00:00";1;21;81442190;210
"2024-03-08 03:00:00";"2024-03-08 04:00:00";1;15;75783827;211
"2024-03-08 04:00:00";"2024-03-08 05:00:00";1;4;6242730;212
"2024-03-08 05:00:00";"2024-03-08 06:00:00";1;22;91583424;213
"2024-03-08 06:00:00";"2024-03-08 07:00:00";1;21;32342905;214
"2024-03-08 07:00:00";"2024-03-08 08:00:00";1;19;92170986;215
"2024-03-08 08:00:00";"2024-03-08 09:00:00";1;11;89552746;216
"2024-03-08 09:00:00";"2024-03-08 10:00:00";1;23;88397170;217
"2024-03-08 10:00:00";"2024-03-08 11:00:00";1;15;36059187;218
"2024-03-08 11:00:00";"2024-03-08 12:00:00";1;6;41013094;219
"2024-03-08 12:00:00";"2024-03-08 13:00:00";1;22;8529210;220
"2024-03-08 13:00:00";"2024-03-08 14:00:00";1;22;71335150;221
"2024-03-08 14:00:00";"2024-03-08 15:00:00";1;15;46764046;222
"2024-03-08 15:00:00";"2024-03-08 16:00:00";1;10;72278457;223
"2024-03-08 16:00:00";"2024-03-08 17:00:00";1;5;97617759;224
"2024-03-08 17:00:00";"2024-03-08 18:00:00";1;24;30885735;225
"2024-03-08 18:00:00";"2024-03-08 19:00:00";1;9;1177364;226
"2024-03-08 19:00:00";"2024-03-08 20:00:00";1;19;99719419;227
"2024-03-08 20:00:00";"2024-03-08 21:00:00";1;22;94256149;228
"2024-03-08 21:00:00";"2024-03-08 22:00:00";1;4;79779573;229
"2024-03-08 22:00:00";"2024-03-08 23:00:00";1;17;77096622;230
"2024-03-08 23:00:00";"2024-03-09 00:00:00";1;5;79009886;231
"2024-03-09 00:00:00";"2024-03-09 01:00:00";1;16;19146709;232
"2024-03-09 01:00:00";"2024-03-09 02:00:00";1;8;72821606;233
"2024-03-09 02:00:00";"2024-03-09 03:00:00";1;14;89506689;234
"2024-03-09 03:00:00";"2024-03-09 04:00:00";1;7;34076690;235
"2024-03-09 04:00:00";"2024-03-09 05:00:00";1;4;93102297;236
"2024-03-09 05:00:00";"2024-03-09 06:00:00";1;7;95115002;237
"2024-03-09 06:00:00";"2024-03-09 07:00:00";1;14;51090570;238
"2024-03-09 07:00:00";"2024-03-09 08:00:00";1;13;11986732;239
"2024-03-09 08:00:00";"2024-03-09 09:00:00";1;7;55031797;240
"2024-03-09 09:00:00";"2024-03-09 10:00:00";1;14;87173684;241
"2024-03-09 10:00:00";"2024-03-09 11:00:00";1;5;40857526;242
"2024-03-09 11:00:00";"2024-03-09 12:00:00";1;8;70677628;243
"2024-03-09 12:00:00";"2024-03-09 13:00:00";1;15;7838245;244
"2024-03-09 13:00:00";"2024-03-09 14:00:00";1;10;57158423;245
"2024-03-09 14:00:00";"2024-03-09 15:00:00";1;18;57124587;246
"2024-03-09 15:00:00";"2024-03-09 16:00:00";1;5;68370333;247
"2024-03-09 16:00:00";"2024-03-09 17:00:00";1;14;46834656;248
"2024-03-09 17:00:00";"2024-03-09 18:00:00";1;5;2834819;249
"2024-03-09 18:00:00";"2024-03-09 19:00:00";1;18;79231861;250
"2024-03-09 19:00:00";"2024-03-09 20:00:00";1;2;28678051;251
"2024-03-09 20:00:00";"2024-03-09 21:00:00";1;22;18739731;252
"2024-03-09 21:00:00";"2024-03-09 22:00:00";1;24;28839644;253
"2024-03-09 22:00:00";"2024-03-09 23:00:00";1;5;26141745;254
"2024-03-09 23:00:00";"2024-03-10 00:00:00";1;16;1226495;255
"2024-03-10 00:00:00";"2024-03-10 01:00:00";1;6;18397552;256
"2024-03-10 01:00:00";"2024-03-10 02:00:00";1;20;98455443;257
"2024-03-10 02:00:00";"2024-03-10 03:00:00";1;15;79466546;258
"2024-03-10 03:00:00";"2024-03-10 04:00:00";1;4;24026313;259
"2024-03-10 04:00:00";"2024-03-10 05:00:00";1;21;55072509;260
"2024-03-10 05:00:00";"2024-03-10 06:00:00";1;22;3331449;261
"2024-03-10 06:00:00";"2024-03-10 07:00:00";1;8;33488629;262
"2024-03-10 07:00:00";"2024-03-10 08:00:00";1;17;20889343;263
"2024-03-10 08:00:00";"2024-03-10 09:00:00";1;1;10502670;264
"2024-03-10 09:00:00";"2024-03-10 10:00:00";1;7;69452254;265
"2024-03-10 10:00:00";"2024-03-10 11:00:00";1;11;45381671;266
"2024-03-10 11:00:00";"2024-03-10 12:00:00";1;20;34856083;267
"2024-03-10 12:00:00";"2024-03-10 13:00:00";1;10;66851841;268
"2024-03-10 13:00:00";"2024-03-10 14:00:00";1;17;43143857;269
"2024-03-10 14:00:00";"2024-03-10 15:00:00";1;20;85111211;270
"2024-03-10 15:00:00";"2024-03-10 16:00:00";1;14;6902561;271
"2024-03-10 16:00:00";"2024-03-10 17:00:00";1;15;4282630;272
"2024-03-10 17:00:00";"2024-03-10 18:00:00";1;3;17020090;273
"2024-03-10 18:00:00";"2024-03-10 19:00:00";1;24;26387163;274
"2024-03-10 19:00:00";"2024-03-10 20:00:00";1;9;58120590;275
"2024-03-10 20:00:00";"2024-03-10 21:00:00";1;7;55079807;276
"2024-03-10 21:00:00";"2024-03-10 22:00:00";1;1;62510616;277
"2024-03-10 22:00:00";"2024-03-10 23:00:00";1;9;77560492;278
"2024-03-10 23:00:00";"2024-03-11 00:00:00";1;24;23116151;279
"2024-03-11 00:00:00";"2024-03-11 01:00:00";1;11;54085343;280
"2024-03-11 01:00:00";"2024-03-11 02:00:00";1;23;32975062;281
"2024-03-11 02:00:00";"2024-03-11 03:00:00";1;5;24500800;282
"2024-03-11 03:00:00";"2024-03-11 04:00:00";1;16;12546429;283
"2024-03-11 04:00:00";"2024-03-11 05:00:00";1;15;43663491;284
"2024-03-11 05:00:00";"2024-03-11 06:00:00";1;6;89396045;285
"2024-03-11 06:00:00";"2024-03-11 07:00:00";1;1;46261122;286
"2024-03-11 07:00:00";"2024-03-11 08:00:00";1;22;53516834;287
"2024-03-11 08:00:00";"2024-03-11 09:00:00";1;11;75496332;288
"2024-03-11 09:00:00";"2024-03-11 10:00:00";1;13;79257167;289
"2024-03-11 10:00:00";"2024-03-11 11:00:00";1;11;68730693;290
"2024-03-11 11:00:00";"2024-03-11 12:00:00";1;9;67985084;291
"2024-03-11 12:00:00";"2024-03-11 13:00:00";1;22;1217228;292
"2024-03-11 13:00:00";"2024-03-11 14:00:00";1;18;68450395;293
"2024-03-11 14:00:00";"2024-03-11 15:00:00";1;16;41496066;294
"2024-03-11 15:00:00";"2024-03-11 16:00:00";1;13;1370229;295
"2024-03-11 16:00:00";"2024-03-11 17:00:00";1;6;59221663;296
"2024-03-11 17:00:00";"2024-03-11 18:00:00";1;17;85920392;297
"2024-03-11 18:00:00";"2024-03-11 19:00:00";1;15;58775417;298
"2024-03-11 19:00:00";"2024-03-11 20:00:00";1;4;6240284;299
"2024-03-11 20:00:00";"2024-03-11 21:00:00";1;4;45951990;300
"2024-03-11 21:00:00";"2024-03-11 22:00:00";1;23;91241788;301
"2024-03-11 22:00:00";"2024-03-11 23:00:00";1;18;96560456;302
"2024-03-11 23:00:00";"2024-03-12 00:00:00";1;21;19252903;303
"2024-03-12 00:00:00";"2024-03-12 01:00:00";1;24;6534589;304
"2024-03-12 01:00:00";"2024-03-12 02:00:00";1;14;16438537;305
"2024-03-12 02:00:00";"2024-03-12 03:00:00";1;3;4994877;306
"2024-03-12 03:00:00";"2024-03-12 04:00:00";1;8;43449302;307
"2024-03-12 04:00:00";"2024-03-12 05:00:00";1;19;91855065;308
"2024-03-12 05:00:00";"2024-03-12 06:00:00";1;12;65092910;309
"2024-03-12 06:00:00";"2024-03-12 07:00:00";1;19;77537772;310
"2024-03-12 07:00:00";"2024-03-12 08:00:00";1;7;62552459;311
"2024-03-12 08:00:00";"2024-03-12 09:00:00";1;6;6989031;312
"2024-03-12 09:00:00";"2024-03-12 10:00:00";1;11;74154815;313
"2024-03-12 10:00:00";"2024-03-12 11:00:00";1;3;16605068;314
"2024-03-12 11:00:00";"2024-03-12 12:00:00";1;17;69096343;315
"2024-03-12 12:00:00";"2024-03-12 13:00:00";1;1;19363140;316
"2024-03-12 13:00:00";"2024-03-12 14:00:00";1;19;56850564;317
"2024-03-12 14:00:00";"2024-03-12 15:00:00";1;9;29151445;318
"2024-03-12 15:00:00";"2024-03-12 16:00:00";1;14;84013756;319
"2024-03-12 16:00:00";"2024-03-12 17:00:00";1;25;4103044;320
"2024-03-12 17:00:00";"2024-03-12 18:00:00";1;16;48703371;321
"2024-03-12 18:00:00";"2024-03-12 19:00:00";1;5;15049828;322
"2024-03-12 19:00:00";"2024-03-12 20:00:00";1;24;81736133;323
"2024-03-12 20:00:00";"2024-03-12 21:00:00";1;19;78731921;324
"2024-03-12 21:00:00";"2024-03-12 22:00:00";1;13;72916202;325
"2024-03-12 22:00:00";"2024-03-12 23:00:00";1;19;56145041;326
"2024-03-12 23:00:00";"2024-03-13 00:00:00";1;6;11909405;327
"2024-03-13 00:00:00";"2024-03-13 01:00:00";1;25;19715374;328
"2024-03-13 01:00:00";"2024-03-13 02:00:00";1;9;26230873;329
"2024-03-13 02:00:00";"2024-03-13 03:00:00";1;15;74502714;330
"2024-03-13 03:00:00";"2024-03-13 04:00:00";1;23;26505850;331
"2024-03-13 04:00:00";"2024-03-13 05:00:00";1;15;59305399;332
"2024-03-13 05:00:00";"2024-03-13 06:00:00";1;21;61865573;333
"2024-03-13 06:00:00";"2024-03-13 07:00:00";1;10;4644124;334
"2024-03-13 07:00:00";"2024-03-13 08:00:00";1;23;79412636;335
"2024-03-13 08:00:00";"2024-03-13 09:00:00";1;20;32718236;336
"2024-03-13 09:00:00";"2024-03-13 10:00:00";1;4;12246253;337
"2024-03-13 10:00:00";"2024-03-13 11:00:00";1;1;16452135;338
"2024-03-13 11:00:00";"2024-03-13 12:00:00";1;21;64503482;339
"2024-03-13 12:00:00";"2024-03-13 13:00:00";1;19;82887925;340
"2024-03-13 13:00:00";"2024-03-13 14:00:00";1;6;50985616;341
"2024-03-13 14:00:00";"2024-03-13 15:00:00";1;24;32952938;342
"2024-03-13 15:00:00";"2024-03-13 16:00:00";1;23;97750719;343
"2024-03-13 16:00:00";"2024-03-13 17:00:00";1;17;32869426;344
"2024-03-13 17:00:00";"2024-03-13 18:00:00";1;24;40926757;345
"2024-03-13 18:00:00";"2024-03-13 19:00:00";1;6;10322867;346
"2024-03-13 19:00:00";"2024-03-13 20:00:00";1;20;29110798;347
"2024-03-13 20:00:00";"2024-03-13 21:00:00";1;19;4422164;348
"2024-03-13 21:00:00";"2024-03-13 22:00:00";1;24;53056692;349
"2024-03-13 22:00:00";"2024-03-13 23:00:00";1;5;86239025;350
"2024-03-13 23:00:00";"2024-03-14 00:00:00";1;19;90716998;351
"2024-03-14 00:00:00";"2024-03-14 01:00:00";1;18;95386933;352
"2024-03-14 01:00:00";"2024-03-14 02:00:00";1;3;69708422;353
"2024-03-14 02:00:00";"2024-03-14 03:00:00";1;2;57087058;354
"2024-03-14 03:00:00";"2024-03-14 04:00:00";1;23;49339007;355
"2024-03-14 04:00:00";"2024-03-14 05:00:00";1;14;28176101;356
"2024-03-14 05:00:00";"2024-03-14 06:00:00";1;15;4708327;357
"2024-03-14 06:00:00";"2024-03-14 07:00:00";1;12;14558908;358
"2024-03-14 07:00:00";"2024-03-14 08:00:00";1;4;33119690;359
"2024-03-14 08:00:00";"2024-03-14 09:00:00";1;2;47029101;360
"2024-03-14 09:00:00";"2024-03-14 10:00:00";1;18;82989093;361
"2024-03-14 10:00:00";"2024-03-14 11:00:00";1;9;57817876;362
"2024-03-14 11:00:00";"2024-03-14 12:00:00";1;7;45275240;363
"2024-03-14 12:00:00";"2024-03-14 13:00:00";1;6;72642195;364
"2024-03-14 13:00:00";"2024-03-14 14:00:00";1;8;22676548;365
"2024-03-14 14:00:00";"2024-03-14 15:00:00";1;3;98677969;366
"2024-03-14 15:00:00";"2024-03-14 16:00:00";1;10;60745610;367
"2024-03-14 16:00:00";"2024-03-14 17:00:00";1;4;19363568;368
"2024-03-14 17:00:00";"2024-03-14 18:00:00";1;8;53772128;369
"2024-03-14 18:00:00";"2024-03-14 19:00:00";1;19;94138882;370
"2024-03-14 19:00:00";"2024-03-14 20:00:00";1;22;25708006;371
"2024-03-14 20:00:00";"2024-03-14 21:00:00";1;20;42351829;372
"2024-03-14 21:00:00";"2024-03-14 22:00:00";1;7;89290970;373
"2024-03-14 22:00:00";"2024-03-14 23:00:00";1;9;73137635;374
"2024-03-14 23:00:00";"2024-03-15 00:00:00";1;12;44416875;375
"2024-03-15 00:00:00";"2024-03-15 01:00:00";1;5;9928001;376
"2024-03-15 01:00:00";"2024-03-15 02:00:00";1;19;37078879;377
"2024-03-15 02:00:00";"2024-03-15 03:00:00";1;23;72522318;378
"2024-03-15 03:00:00";"2024-03-15 04:00:00";1;16;43009720;379
"2024-03-15 04:00:00";"2024-03-15 05:00:00";1;15;89808153;380
"2024-03-15 05:00:00";"2024-03-15 06:00:00";1;14;3519730;381
"2024-03-15 06:00:00";"2024-03-15 07:00:00";1;22;61023006;382
"2024-03-15 07:00:00";"2024-03-15 08:00:00";1;5;45718776;383
"2024-03-15 08:00:00";"2024-03-15 09:00:00";1;10;96985826;384
"2024-03-15 09:00:00";"2024-03-15 10:00:00";1;10;93958122;385
"2024-03-15 10:00:00";"2024-03-15 11:00:00";1;7;9389361;386
"2024-03-15 11:00:00";"2024-03-15 12:00:00";1;12;85354419;387
"2024-03-15 12:00:00";"2024-03-15 13:00:00";1;4;75740462;388
"2024-03-15 13:00:00";"2024-03-15 14:00:00";1;18;58900417;389
"2024-03-15 14:00:00";"2024-03-15 15:00:00";1;24;59884047;390
"2024-03-15 15:00:00";"2024-03-15 16:00:00";1;7;96976901;391
"2024-03-15 16:00:00";"2024-03-15 17:00:00";1;22;78580052;392
"2024-03-15 17:00:00";"2024-03-15 18:00:00";1;11;69920520;393
"2024-03-15 18:00:00";"2024-03-15 19:00:00";1;2;58965528;394
"2024-03-15 19:00:00";"2024-03-15 20:00:00";1;20;11348845;395
"2024-03-15 20:00:00";"2024-03-15 21:00:00";1;10;60883256;396
"2024-03-15 21:00:00";"2024-03-15 22:00:00";1;9;34685112;397
"2024-03-15 22:00:00";"2024-03-15 23:00:00";1;1;43263467;398
"2024-03-15 23:00:00";"2024-03-16 00:00:00";1;25;73061671;399
"2024-03-16 00:00:00";"2024-03-16 01:00:00";1;18;31588316;400
"2024-03-16 01:00:00";"2024-03-16 02:00:00";1;5;76626263;401
"2024-03-16 02:00:00";"2024-03-16 03:00:00";1;2;10844318;402
"2024-03-16 03:00:00";"2024-03-16 04:00:00";1;18;57154944;403
"2024-03-16 04:00:00";"2024-03-16 05:00:00";1;13;87483042;404
"2024-03-16 05:00:00";"2024-03-16 06:00:00";1;10;11527663;405
"2024-03-16 06:00:00";"2024-03-16 07:00:00";1;5;67284421;406
"2024-03-16 07:00:00";"2024-03-16 08:00:00";1;3;47598367;407
"2024-03-16 08:00:00";"2024-03-16 09:00:00";1;2;11482262;408
"2024-03-16 09:00:00";"2024-03-16 10:00:00";1;17;50654009;409
"2024-03-16 10:00:00";"2024-03-16 11:00:00";1;9;9212244;410
"2024-03-16 11:00:00";"2024-03-16 12:00:00";1;15;71181973;411
"2024-03-16 12:00:00";"2024-03-16 13:00:00";1;6;33736083;412
"2024-03-16 13:00:00";"2024-03-16 14:00:00";1;9;48041317;413
"2024-03-16 14:00:00";"2024-03-16 15:00:00";1;24;96751142;414
"2024-03-16 15:00:00";"2024-03-16 16:00:00";1;24;51160823;415
"2024-03-16 16:00:00";"2024-03-16 17:00:00";1;8;38494414;416
"2024-03-16 17:00:00";"2024-03-16 18:00:00";1;21;88179252;417
"2024-03-16 18:00:00";"2024-03-16 19:00:00";1;15;70688355;418
"2024-03-16 19:00:00";"2024-03-16 20:00:00";1;23;56426297;419
"2024-03-16 20:00:00";"2024-03-16 21:00:00";1;22;49360160;420
"2024-03-16 21:00:00";"2024-03-16 22:00:00";1;9;79554844;421
"2024-03-16 22:00:00";"2024-03-16 23:00:00";1;24;90215641;422
"2024-03-16 23:00:00";"2024-03-17 00:00:00";1;23;74026872;423
"2024-03-17 00:00:00";"2024-03-17 01:00:00";1;4;40895613;424
"2024-03-17 01:00:00";"2024-03-17 02:00:00";1;25;79390224;425
"2024-03-17 02:00:00";"2024-03-17 03:00:00";1;16;2731386;426
"2024-03-17 03:00:00";"2024-03-17 04:00:00";1;19;25537023;427
"2024-03-17 04:00:00";"2024-03-17 05:00:00";1;13;5503486;428
"2024-03-17 05:00:00";"2024-03-17 06:00:00";1;20;25395279;429
"2024-03-17 06:00:00";"2024-03-17 07:00:00";1;2;8463594;430
"2024-03-17 07:00:00";"2024-03-17 08:00:00";1;19;81073697;431
"2024-03-17 08:00:00";"2024-03-17 09:00:00";1;18;51086203;432
"2024-03-17 09:00:00";"2024-03-17 10:00:00";1;16;91469492;433
"2024-03-17 10:00:00";"2024-03-17 11:00:00";1;11;49567681;434
"2024-03-17 11:00:00";"2024-03-17 12:00:00";1;22;98685585;435
"2024-03-17 12:00:00";"2024-03-17 13:00:00";1;18;17193929;436
"2024-03-17 13:00:00";"2024-03-17 14:00:00";1;7;16025378;437
"2024-03-17 14:00:00";"2024-03-17 15:00:00";1;8;35872552;438
"2024-03-17 15:00:00";"2024-03-17 16:00:00";1;14;31391180;439
"2024-03-17 16:00:00";"2024-03-17 17:00:00";1;21;75204049;440
"2024-03-17 17:00:00";"2024-03-17 18:00:00";1;22;73969342;441
"2024-03-17 18:00:00";"2024-03-17 19:00:00";1;1;17592953;442
"2024-03-17 19:00:00";"2024-03-17 20:00:00";1;13;99317412;443
"2024-03-17 20:00:00";"2024-03-17 21:00:00";1;18;21531618;444
"2024-03-17 21:00:00";"2024-03-17 22:00:00";1;10;76363966;445
"2024-03-17 22:00:00";"2024-03-17 23:00:00";1;4;29095583;446
"2024-03-17 23:00:00";"2024-03-18 00:00:00";1;1;20191421;447
"2024-03-18 00:00:00";"2024-03-18 01:00:00";1;22;81952534;448
"2024-03-18 01:00:00";"2024-03-18 02:00:00";1;5;85409082;449
"2024-03-18 02:00:00";"2024-03-18 03:00:00";1;25;57201087;450
"2024-03-18 03:00:00";"2024-03-18 04:00:00";1;21;27863803;451
"2024-03-18 04:00:00";"2024-03-18 05:00:00";1;10;19828092;452
"2024-03-18 05:00:00";"2024-03-18 06:00:00";1;6;26617234;453
"2024-03-18 06:00:00";"2024-03-18 07:00:00";1;4;32523468;454
"2024-03-18 07:00:00";"2024-03-18 08:00:00";1;25;85592493;455
"2024-03-18 08:00:00";"2024-03-18 09:00:00";1;5;81351636;456
"2024-03-18 09:00:00";"2024-03-18 10:00:00";1;15;64922404;457
"2024-03-18 10:00:00";"2024-03-18 11:00:00";1;20;2993042;458
"2024-03-18 11:00:00";"2024-03-18 12:00:00";1;18;18492126;459
"2024-03-18 12:00:00";"2024-03-18 13:00:00";1;2;16895109;460
"2024-03-18 13:00:00";"2024-03-18 14:00:00";1;25;86949195;461
"2024-03-18 14:00:00";"2024-03-18 15:00:00";1;1;24978616;462
"2024-03-18 15:00:00";"2024-03-18 16:00:00";1;5;47854626;463
"2024-03-18 16:00:00";"2024-03-18 17:00:00";1;15;89115241;464
"2024-03-18 17:00:00";"2024-03-18 18:00:00";1;13;97782917;465
"2024-03-18 18:00:00";"2024-03-18 19:00:00";1;9;99319025;466
"2024-03-18 19:00:00";"2024-03-18 20:00:00";1;11;8972471;467
"2024-03-18 20:00:00";"2024-03-18 21:00:00";1;1;15686239;468
"2024-03-18 21:00:00";"2024-03-18 22:00:00";1;9;97319321;469
"2024-03-18 22:00:00";"2024-03-18 23:00:00";1;4;87093770;470
"2024-03-18 23:00:00";"2024-03-19 00:00:00";1;2;73646868;471
"2024-03-19 00:00:00";"2024-03-19 01:00:00";1;2;97357800;472
"2024-03-19 01:00:00";"2024-03-19 02:00:00";1;24;48635973;473
"2024-03-19 02:00:00";"2024-03-19 03:00:00";1;5;63107012;474
"2024-03-19 03:00:00";"2024-03-19 04:00:00";1;24;78738899;475
"2024-03-19 04:00:00";"2024-03-19 05:00:00";1;12;50494355;476
"2024-03-19 05:00:00";"2024-03-19 06:00:00";1;10;88815594;477
"2024-03-19 06:00:00";"2024-03-19 07:00:00";1;18;3828647;478
"2024-03-19 07:00:00";"2024-03-19 08:00:00";1;11;82922425;479
"2024-02-28 09:00:00";"2024-02-28 10:00:00";2;25;47142465;480
"2024-02-28 10:00:00";"2024-02-28 11:00:00";2;15;72417335;481
"2024-02-28 11:00:00";"2024-02-28 12:00:00";2;1;75040081;482
"2024-02-28 12:00:00";"2024-02-28 13:00:00";2;19;54904161;483
"2024-02-28 13:00:00";"2024-02-28 14:00:00";2;1;36056129;484
"2024-02-28 14:00:00";"2024-02-28 15:00:00";2;14;73994389;485
"2024-02-28 15:00:00";"2024-02-28 16:00:00";2;3;49485865;486
"2024-02-28 16:00:00";"2024-02-28 17:00:00";2;7;74528694;487
"2024-02-28 17:00:00";"2024-02-28 18:00:00";2;17;46567444;488
"2024-02-28 18:00:00";"2024-02-28 19:00:00";2;24;71194828;489
"2024-02-28 19:00:00";"2024-02-28 20:00:00";2;3;7765933;490
"2024-02-28 20:00:00";"2024-02-28 21:00:00";2;5;23510127;491
"2024-02-28 21:00:00";"2024-02-28 22:00:00";2;19;65177565;492
"2024-02-28 22:00:00";"2024-02-28 23:00:00";2;17;15633309;493
"2024-02-28 23:00:00";"2024-02-29 00:00:00";2;21;9396009;494
"2024-02-29 00:00:00";"2024-02-29 01:00:00";2;1;36795147;495
"2024-02-29 01:00:00";"2024-02-29 02:00:00";2;22;29996006;496
"2024-02-29 02:00:00";"2024-02-29 03:00:00";2;11;11418545;497
"2024-02-29 03:00:00";"2024-02-29 04:00:00";2;13;12711054;498
"2024-02-29 04:00:00";"2024-02-29 05:00:00";2;15;28209580;499
"2024-02-29 05:00:00";"2024-02-29 06:00:00";2;24;78570866;500
"2024-02-29 06:00:00";"2024-02-29 07:00:00";2;22;51458310;501
"2024-02-29 07:00:00";"2024-02-29 08:00:00";2;12;46443957;502
"2024-02-29 08:00:00";"2024-02-29 09:00:00";2;12;16370687;503
"2024-02-29 09:00:00";"2024-02-29 10:00:00";2;17;22885910;504
"2024-02-29 10:00:00";"2024-02-29 11:00:00";2;3;53402141;505
"2024-02-29 11:00:00";"2024-02-29 12:00:00";2;22;15772370;506
"2024-02-29 12:00:00";"2024-02-29 13:00:00";2;9;8283100;507
"2024-02-29 13:00:00";"2024-02-29 14:00:00";2;25;51307793;508
"2024-02-29 14:00:00";"2024-02-29 15:00:00";2;4;17783390;509
"2024-02-29 15:00:00";"2024-02-29 16:00:00";2;9;69619005;510
"2024-02-29 16:00:00";"2024-02-29 17:00:00";2;4;23385160;511
"2024-02-29 17:00:00";"2024-02-29 18:00:00";2;4;30801962;512
"2024-02-29 18:00:00";"2024-02-29 19:00:00";2;24;2113645;513
"2024-02-29 19:00:00";"2024-02-29 20:00:00";2;11;81088335;514
"2024-02-29 20:00:00";"2024-02-29 21:00:00";2;16;26066256;515
"2024-02-29 21:00:00";"2024-02-29 22:00:00";2;4;84395828;516
"2024-02-29 22:00:00";"2024-02-29 23:00:00";2;18;28999046;517
"2024-02-29 23:00:00";"2024-03-01 00:00:00";2;6;96145235;518
"2024-03-01 00:00:00";"2024-03-01 01:00:00";2;25;23054706;519
"2024-03-01 01:00:00";"2024-03-01 02:00:00";2;2;48653023;520
"2024-03-01 02:00:00";"2024-03-01 03:00:00";2;21;23789290;521
"2024-03-01 03:00:00";"2024-03-01 04:00:00";2;10;86988891;522
"2024-03-01 04:00:00";"2024-03-01 05:00:00";2;17;73579652;523
"2024-03-01 05:00:00";"2024-03-01 06:00:00";2;18;73832690;524
"2024-03-01 06:00:00";"2024-03-01 07:00:00";2;9;7836645;525
"2024-03-01 07:00:00";"2024-03-01 08:00:00";2;20;6047804;526
"2024-03-01 08:00:00";"2024-03-01 09:00:00";2;2;54839265;527
"2024-03-01 09:00:00";"2024-03-01 10:00:00";2;18;15442918;528
"2024-03-01 10:00:00";"2024-03-01 11:00:00";2;8;57133600;529
"2024-03-01 11:00:00";"2024-03-01 12:00:00";2;24;74119495;530
"2024-03-01 12:00:00";"2024-03-01 13:00:00";2;7;23061560;531
"2024-03-01 13:00:00";"2024-03-01 14:00:00";2;2;80057563;532
"2024-03-01 14:00:00";"2024-03-01 15:00:00";2;14;72914302;533
"2024-03-01 15:00:00";"2024-03-01 16:00:00";2;6;51901118;534
"2024-03-01 16:00:00";"2024-03-01 17:00:00";2;21;11322974;535
"2024-03-01 17:00:00";"2024-03-01 18:00:00";2;1;30550905;536
"2024-03-01 18:00:00";"2024-03-01 19:00:00";2;2;746207;537
"2024-03-01 19:00:00";"2024-03-01 20:00:00";2;24;38004839;538
"2024-03-01 20:00:00";"2024-03-01 21:00:00";2;12;9293743;539
"2024-03-01 21:00:00";"2024-03-01 22:00:00";2;13;26314687;540
"2024-03-01 22:00:00";"2024-03-01 23:00:00";2;2;77704867;541
"2024-03-01 23:00:00";"2024-03-02 00:00:00";2;6;8524521;542
"2024-03-02 00:00:00";"2024-03-02 01:00:00";2;6;77208106;543
"2024-03-02 01:00:00";"2024-03-02 02:00:00";2;5;72557294;544
"2024-03-02 02:00:00";"2024-03-02 03:00:00";2;16;83416159;545
"2024-03-02 03:00:00";"2024-03-02 04:00:00";2;9;63317903;546
"2024-03-02 04:00:00";"2024-03-02 05:00:00";2;20;56611150;547
"2024-03-02 05:00:00";"2024-03-02 06:00:00";2;24;79444932;548
"2024-03-02 06:00:00";"2024-03-02 07:00:00";2;6;20066656;549
"2024-03-02 07:00:00";"2024-03-02 08:00:00";2;15;72391101;550
"2024-03-02 08:00:00";"2024-03-02 09:00:00";2;10;53813150;551
"2024-03-02 09:00:00";"2024-03-02 10:00:00";2;19;86629873;552
"2024-03-02 10:00:00";"2024-03-02 11:00:00";2;8;48924251;553
"2024-03-02 11:00:00";"2024-03-02 12:00:00";2;12;22119942;554
"2024-03-02 12:00:00";"2024-03-02 13:00:00";2;2;88486046;555
"2024-03-02 13:00:00";"2024-03-02 14:00:00";2;11;91620963;556
"2024-03-02 14:00:00";"2024-03-02 15:00:00";2;6;66477563;557
"2024-03-02 15:00:00";"2024-03-02 16:00:00";2;23;45515271;558
"2024-03-02 16:00:00";"2024-03-02 17:00:00";2;24;19465669;559
"2024-03-02 17:00:00";"2024-03-02 18:00:00";2;1;31486736;560
"2024-03-02 18:00:00";"2024-03-02 19:00:00";2;24;11994051;561
"2024-03-02 19:00:00";"2024-03-02 20:00:00";2;13;83337056;562
"2024-03-02 20:00:00";"2024-03-02 21:00:00";2;24;82577244;563
"2024-03-02 21:00:00";"2024-03-02 22:00:00";2;21;6541653;564
"2024-03-02 22:00:00";"2024-03-02 23:00:00";2;21;60113157;565
"2024-03-02 23:00:00";"2024-03-03 00:00:00";2;4;63584734;566
"2024-03-03 00:00:00";"2024-03-03 01:00:00";2;16;1180545;567
"2024-03-03 01:00:00";"2024-03-03 02:00:00";2;16;1951154;568
"2024-03-03 02:00:00";"2024-03-03 03:00:00";2;25;67032233;569
"2024-03-03 03:00:00";"2024-03-03 04:00:00";2;2;5738955;570
"2024-03-03 04:00:00";"2024-03-03 05:00:00";2;19;59135048;571
"2024-03-03 05:00:00";"2024-03-03 06:00:00";2;4;58601318;572
"2024-03-03 06:00:00";"2024-03-03 07:00:00";2;23;6909392;573
"2024-03-03 07:00:00";"2024-03-03 08:00:00";2;10;53102454;574
"2024-03-03 08:00:00";"2024-03-03 09:00:00";2;13;58014283;575
"2024-03-03 09:00:00";"2024-03-03 10:00:00";2;24;68114126;576
"2024-03-03 10:00:00";"2024-03-03 11:00:00";2;9;56298831;577
"2024-03-03 11:00:00";"2024-03-03 12:00:00";2;19;11685542;578
"2024-03-03 12:00:00";"2024-03-03 13:00:00";2;13;15652534;579
"2024-03-03 13:00:00";"2024-03-03 14:00:00";2;24;18549470;580
"2024-03-03 14:00:00";"2024-03-03 15:00:00";2;21;58750581;581
"2024-03-03 15:00:00";"2024-03-03 16:00:00";2;2;27304257;582
"2024-03-03 16:00:00";"2024-03-03 17:00:00";2;8;1485919;583
"2024-03-03 17:00:00";"2024-03-03 18:00:00";2;7;97120199;584
"2024-03-03 18:00:00";"2024-03-03 19:00:00";2;7;29148063;585
"2024-03-03 19:00:00";"2024-03-03 20:00:00";2;17;63906950;586
"2024-03-03 20:00:00";"2024-03-03 21:00:00";2;2;45653784;587
"2024-03-03 21:00:00";"2024-03-03 22:00:00";2;23;64156640;588
"2024-03-03 22:00:00";"2024-03-03 23:00:00";2;14;37923211;589
"2024-03-03 23:00:00";"2024-03-04 00:00:00";2;15;55617704;590
"2024-03-04 00:00:00";"2024-03-04 01:00:00";2;22;3455254;591
"2024-03-04 01:00:00";"2024-03-04 02:00:00";2;14;48592223;592
"2024-03-04 02:00:00";"2024-03-04 03:00:00";2;9;48980328;593
"2024-03-04 03:00:00";"2024-03-04 04:00:00";2;4;92582642;594
"2024-03-04 04:00:00";"2024-03-04 05:00:00";2;14;4509728;595
"2024-03-04 05:00:00";"2024-03-04 06:00:00";2;1;79401951;596
"2024-03-04 06:00:00";"2024-03-04 07:00:00";2;10;71976283;597
"2024-03-04 07:00:00";"2024-03-04 08:00:00";2;17;66427837;598
"2024-03-04 08:00:00";"2024-03-04 09:00:00";2;1;66848939;599
"2024-03-04 09:00:00";"2024-03-04 10:00:00";2;9;59710640;600
"2024-03-04 10:00:00";"2024-03-04 11:00:00";2;9;29546013;601
"2024-03-04 11:00:00";"2024-03-04 12:00:00";2;5;44985215;602
"2024-03-04 12:00:00";"2024-03-04 13:00:00";2;1;10172175;603
"2024-03-04 13:00:00";"2024-03-04 14:00:00";2;9;10698025;604
"2024-03-04 14:00:00";"2024-03-04 15:00:00";2;23;33128748;605
"2024-03-04 15:00:00";"2024-03-04 16:00:00";2;20;67915443;606
"2024-03-04 16:00:00";"2024-03-04 17:00:00";2;2;59625120;607
"2024-03-04 17:00:00";"2024-03-04 18:00:00";2;13;60962927;608
"2024-03-04 18:00:00";"2024-03-04 19:00:00";2;15;7241733;609
"2024-03-04 19:00:00";"2024-03-04 20:00:00";2;18;54954533;610
"2024-03-04 20:00:00";"2024-03-04 21:00:00";2;11;91716702;611
"2024-03-04 21:00:00";"2024-03-04 22:00:00";2;5;33668897;612
"2024-03-04 22:00:00";"2024-03-04 23:00:00";2;7;1364694;613
"2024-03-04 23:00:00";"2024-03-05 00:00:00";2;13;96733451;614
"2024-03-05 00:00:00";"2024-03-05 01:00:00";2;10;37367229;615
"2024-03-05 01:00:00";"2024-03-05 02:00:00";2;24;88578861;616
"2024-03-05 02:00:00";"2024-03-05 03:00:00";2;3;81039619;617
"2024-03-05 03:00:00";"2024-03-05 04:00:00";2;20;54467785;618
"2024-03-05 04:00:00";"2024-03-05 05:00:00";2;6;23585002;619
"2024-03-05 05:00:00";"2024-03-05 06:00:00";2;5;8996496;620
"2024-03-05 06:00:00";"2024-03-05 07:00:00";2;12;95356909;621
"2024-03-05 07:00:00";"2024-03-05 08:00:00";2;17;29287076;622
"2024-03-05 08:00:00";"2024-03-05 09:00:00";2;24;4897527;623
"2024-03-05 09:00:00";"2024-03-05 10:00:00";2;9;84667160;624
"2024-03-05 10:00:00";"2024-03-05 11:00:00";2;11;76690305;625
"2024-03-05 11:00:00";"2024-03-05 12:00:00";2;25;74571142;626
"2024-03-05 12:00:00";"2024-03-05 13:00:00";2;14;8417299;627
"2024-03-05 13:00:00";"2024-03-05 14:00:00";2;11;30851395;628
"2024-03-05 14:00:00";"2024-03-05 15:00:00";2;20;40359431;629
"2024-03-05 15:00:00";"2024-03-05 16:00:00";2;21;15383371;630
"2024-03-05 16:00:00";"2024-03-05 17:00:00";2;11;92301082;631
"2024-03-05 17:00:00";"2024-03-05 18:00:00";2;5;1069201;632
"2024-03-05 18:00:00";"2024-03-05 19:00:00";2;12;16840200;633
"2024-03-05 19:00:00";"2024-03-05 20:00:00";2;19;7938589;634
"2024-03-05 20:00:00";"2024-03-05 21:00:00";2;2;96365513;635
"2024-03-05 21:00:00";"2024-03-05 22:00:00";2;3;96423371;636
"2024-03-05 22:00:00";"2024-03-05 23:00:00";2;15;67209711;637
"2024-03-05 23:00:00";"2024-03-06 00:00:00";2;9;19015776;638
"2024-03-06 00:00:00";"2024-03-06 01:00:00";2;25;45750739;639
"2024-03-06 01:00:00";"2024-03-06 02:00:00";2;21;47945383;640
"2024-03-06 02:00:00";"2024-03-06 03:00:00";2;23;3703708;641
"2024-03-06 03:00:00";"2024-03-06 04:00:00";2;5;30323599;642
"2024-03-06 04:00:00";"2024-03-06 05:00:00";2;20;53777726;643
"2024-03-06 05:00:00";"2024-03-06 06:00:00";2;19;50067485;644
"2024-03-06 06:00:00";"2024-03-06 07:00:00";2;6;61581039;645
"2024-03-06 07:00:00";"2024-03-06 08:00:00";2;22;76049300;646
"2024-03-06 08:00:00";"2024-03-06 09:00:00";2;18;58523765;647
"2024-03-06 09:00:00";"2024-03-06 10:00:00";2;2;53109781;648
"2024-03-06 10:00:00";"2024-03-06 11:00:00";2;18;45931001;649
"2024-03-06 11:00:00";"2024-03-06 12:00:00";2;12;3169236;650
"2024-03-06 12:00:00";"2024-03-06 13:00:00";2;25;19144638;651
"2024-03-06 13:00:00";"2024-03-06 14:00:00";2;4;80581235;652
"2024-03-06 14:00:00";"2024-03-06 15:00:00";2;24;7625819;653
"2024-03-06 15:00:00";"2024-03-06 16:00:00";2;5;3571953;654
"2024-03-06 16:00:00";"2024-03-06 17:00:00";2;9;92600759;655
"2024-03-06 17:00:00";"2024-03-06 18:00:00";2;14;23128734;656
"2024-03-06 18:00:00";"2024-03-06 19:00:00";2;25;86311963;657
"2024-03-06 19:00:00";"2024-03-06 20:00:00";2;8;4642341;658
"2024-03-06 20:00:00";"2024-03-06 21:00:00";2;21;9198595;659
"2024-03-06 21:00:00";"2024-03-06 22:00:00";2;5;75128452;660
"2024-03-06 22:00:00";"2024-03-06 23:00:00";2;15;95150353;661
"2024-03-06 23:00:00";"2024-03-07 00:00:00";2;21;20678102;662
"2024-03-07 00:00:00";"2024-03-07 01:00:00";2;18;66237465;663
"2024-03-07 01:00:00";"2024-03-07 02:00:00";2;12;22198948;664
"2024-03-07 02:00:00";"2024-03-07 03:00:00";2;22;11956964;665
"2024-03-07 03:00:00";"2024-03-07 04:00:00";2;25;61357411;666
"2024-03-07 04:00:00";"2024-03-07 05:00:00";2;14;63055842;667
"2024-03-07 05:00:00";"2024-03-07 06:00:00";2;6;58325551;668
"2024-03-07 06:00:00";"2024-03-07 07:00:00";2;23;84461731;669
"2024-03-07 07:00:00";"2024-03-07 08:00:00";2;22;65449282;670
"2024-03-07 08:00:00";"2024-03-07 09:00:00";2;21;7900099;671
"2024-03-07 09:00:00";"2024-03-07 10:00:00";2;16;9820791;672
"2024-03-07 10:00:00";"2024-03-07 11:00:00";2;20;53595034;673
"2024-03-07 11:00:00";"2024-03-07 12:00:00";2;4;78055812;674
"2024-03-07 12:00:00";"2024-03-07 13:00:00";2;4;37292594;675
"2024-03-07 13:00:00";"2024-03-07 14:00:00";2;4;70005747;676
"2024-03-07 14:00:00";"2024-03-07 15:00:00";2;14;48027485;677
"2024-03-07 15:00:00";"2024-03-07 16:00:00";2;17;17898190;678
"2024-03-07 16:00:00";"2024-03-07 17:00:00";2;7;1954853;679
"2024-03-07 17:00:00";"2024-03-07 18:00:00";2;1;3282356;680
"2024-03-07 18:00:00";"2024-03-07 19:00:00";2;22;5630129;681
"2024-03-07 19:00:00";"2024-03-07 20:00:00";2;20;87505912;682
"2024-03-07 20:00:00";"2024-03-07 21:00:00";2;20;89845596;683
"2024-03-07 21:00:00";"2024-03-07 22:00:00";2;17;60176891;684
"2024-03-07 22:00:00";"2024-03-07 23:00:00";2;1;33088583;685
"2024-03-07 23:00:00";"2024-03-08 00:00:00";2;6;63641405;686
"2024-03-08 00:00:00";"2024-03-08 01:00:00";2;5;76502144;687
"2024-03-08 01:00:00";"2024-03-08 02:00:00";2;6;55969958;688
"2024-03-08 02:00:00";"2024-03-08 03:00:00";2;4;23596041;689
"2024-03-08 03:00:00";"2024-03-08 04:00:00";2;21;67889821;690
"2024-03-08 04:00:00";"2024-03-08 05:00:00";2;20;15627755;691
"2024-03-08 05:00:00";"2024-03-08 06:00:00";2;18;4688525;692
"2024-03-08 06:00:00";"2024-03-08 07:00:00";2;20;14366448;693
"2024-03-08 07:00:00";"2024-03-08 08:00:00";2;10;58066515;694
"2024-03-08 08:00:00";"2024-03-08 09:00:00";2;1;8746284;695
"2024-03-08 09:00:00";"2024-03-08 10:00:00";2;9;67520662;696
"2024-03-08 10:00:00";"2024-03-08 11:00:00";2;17;80650647;697
"2024-03-08 11:00:00";"2024-03-08 12:00:00";2;22;99942294;698
"2024-03-08 12:00:00";"2024-03-08 13:00:00";2;8;21749481;699
"2024-03-08 13:00:00";"2024-03-08 14:00:00";2;11;70123792;700
"2024-03-08 14:00:00";"2024-03-08 15:00:00";2;18;31004570;701
"2024-03-08 15:00:00";"2024-03-08 16:00:00";2;4;75759238;702
"2024-03-08 16:00:00";"2024-03-08 17:00:00";2;12;48291164;703
"2024-03-08 17:00:00";"2024-03-08 18:00:00";2;11;66832477;704
"2024-03-08 18:00:00";"2024-03-08 19:00:00";2;9;89750078;705
"2024-03-08 19:00:00";"2024-03-08 20:00:00";2;25;61107493;706
"2024-03-08 20:00:00";"2024-03-08 21:00:00";2;23;55236381;707
"2024-03-08 21:00:00";"2024-03-08 22:00:00";2;10;81431826;708
"2024-03-08 22:00:00";"2024-03-08 23:00:00";2;16;26885384;709
"2024-03-08 23:00:00";"2024-03-09 00:00:00";2;14;54956189;710
"2024-03-09 00:00:00";"2024-03-09 01:00:00";2;19;83752603;711
"2024-03-09 01:00:00";"2024-03-09 02:00:00";2;9;33947852;712
"2024-03-09 02:00:00";"2024-03-09 03:00:00";2;14;23143433;713
"2024-03-09 03:00:00";"2024-03-09 04:00:00";2;8;78979156;714
"2024-03-09 04:00:00";"2024-03-09 05:00:00";2;15;21133904;715
"2024-03-09 05:00:00";"2024-03-09 06:00:00";2;7;70816239;716
"2024-03-09 06:00:00";"2024-03-09 07:00:00";2;14;38462997;717
"2024-03-09 07:00:00";"2024-03-09 08:00:00";2;6;71788902;718
"2024-03-09 08:00:00";"2024-03-09 09:00:00";2;10;3077950;719
"2024-03-09 09:00:00";"2024-03-09 10:00:00";2;18;51826070;720
"2024-03-09 10:00:00";"2024-03-09 11:00:00";2;24;85828690;721
"2024-03-09 11:00:00";"2024-03-09 12:00:00";2;6;91289872;722
"2024-03-09 12:00:00";"2024-03-09 13:00:00";2;24;53889576;723
"2024-03-09 13:00:00";"2024-03-09 14:00:00";2;17;11395353;724
"2024-03-09 14:00:00";"2024-03-09 15:00:00";2;6;99252432;725
"2024-03-09 15:00:00";"2024-03-09 16:00:00";2;16;4084733;726
"2024-03-09 16:00:00";"2024-03-09 17:00:00";2;2;22963603;727
"2024-03-09 17:00:00";"2024-03-09 18:00:00";2;12;4020197;728
"2024-03-09 18:00:00";"2024-03-09 19:00:00";2;25;24610425;729
"2024-03-09 19:00:00";"2024-03-09 20:00:00";2;3;84715034;730
"2024-03-09 20:00:00";"2024-03-09 21:00:00";2;1;29903452;731
"2024-03-09 21:00:00";"2024-03-09 22:00:00";2;2;64149766;732
"2024-03-09 22:00:00";"2024-03-09 23:00:00";2;9;55115965;733
"2024-03-09 23:00:00";"2024-03-10 00:00:00";2;2;69490286;734
"2024-03-10 00:00:00";"2024-03-10 01:00:00";2;4;87761054;735
"2024-03-10 01:00:00";"2024-03-10 02:00:00";2;23;59274197;736
"2024-03-10 02:00:00";"2024-03-10 03:00:00";2;23;79399945;737
"2024-03-10 03:00:00";"2024-03-10 04:00:00";2;24;9757126;738
"2024-03-10 04:00:00";"2024-03-10 05:00:00";2;21;34137403;739
"2024-03-10 05:00:00";"2024-03-10 06:00:00";2;2;91672907;740
"2024-03-10 06:00:00";"2024-03-10 07:00:00";2;10;9487223;741
"2024-03-10 07:00:00";"2024-03-10 08:00:00";2;6;47682948;742
"2024-03-10 08:00:00";"2024-03-10 09:00:00";2;22;63262074;743
"2024-03-10 09:00:00";"2024-03-10 10:00:00";2;9;9055822;744
"2024-03-10 10:00:00";"2024-03-10 11:00:00";2;22;8398494;745
"2024-03-10 11:00:00";"2024-03-10 12:00:00";2;7;93975941;746
"2024-03-10 12:00:00";"2024-03-10 13:00:00";2;9;18673863;747
"2024-03-10 13:00:00";"2024-03-10 14:00:00";2;15;17240196;748
"2024-03-10 14:00:00";"2024-03-10 15:00:00";2;18;42673657;749
"2024-03-10 15:00:00";"2024-03-10 16:00:00";2;10;21436224;750
"2024-03-10 16:00:00";"2024-03-10 17:00:00";2;22;75753681;751
"2024-03-10 17:00:00";"2024-03-10 18:00:00";2;24;49040944;752
"2024-03-10 18:00:00";"2024-03-10 19:00:00";2;24;43804141;753
"2024-03-10 19:00:00";"2024-03-10 20:00:00";2;18;830394;754
"2024-03-10 20:00:00";"2024-03-10 21:00:00";2;15;16114674;755
"2024-03-10 21:00:00";"2024-03-10 22:00:00";2;4;32712422;756
"2024-03-10 22:00:00";"2024-03-10 23:00:00";2;17;74377987;757
"2024-03-10 23:00:00";"2024-03-11 00:00:00";2;23;96304415;758
"2024-03-11 00:00:00";"2024-03-11 01:00:00";2;23;71733508;759
"2024-03-11 01:00:00";"2024-03-11 02:00:00";2;10;20564902;760
"2024-03-11 02:00:00";"2024-03-11 03:00:00";2;5;59682955;761
"2024-03-11 03:00:00";"2024-03-11 04:00:00";2;12;6397512;762
"2024-03-11 04:00:00";"2024-03-11 05:00:00";2;18;95710628;763
"2024-03-11 05:00:00";"2024-03-11 06:00:00";2;21;83788990;764
"2024-03-11 06:00:00";"2024-03-11 07:00:00";2;18;63579283;765
"2024-03-11 07:00:00";"2024-03-11 08:00:00";2;11;83692324;766
"2024-03-11 08:00:00";"2024-03-11 09:00:00";2;19;98676192;767
"2024-03-11 09:00:00";"2024-03-11 10:00:00";2;16;53056537;768
"2024-03-11 10:00:00";"2024-03-11 11:00:00";2;24;58645144;769
"2024-03-11 11:00:00";"2024-03-11 12:00:00";2;5;91234254;770
"2024-03-11 12:00:00";"2024-03-11 13:00:00";2;25;75112362;771
"2024-03-11 13:00:00";"2024-03-11 14:00:00";2;18;86126635;772
"2024-03-11 14:00:00";"2024-03-11 15:00:00";2;23;64914290;773
"2024-03-11 15:00:00";"2024-03-11 16:00:00";2;16;57075611;774
"2024-03-11 16:00:00";"2024-03-11 17:00:00";2;16;32241418;775
"2024-03-11 17:00:00";"2024-03-11 18:00:00";2;9;73470501;776
"2024-03-11 18:00:00";"2024-03-11 19:00:00";2;2;8966714;777
"2024-03-11 19:00:00";"2024-03-11 20:00:00";2;20;69647785;778
"2024-03-11 20:00:00";"2024-03-11 21:00:00";2;1;25633209;779
"2024-03-11 21:00:00";"2024-03-11 22:00:00";2;11;50839235;780
"2024-03-11 22:00:00";"2024-03-11 23:00:00";2;4;85699615;781
"2024-03-11 23:00:00";"2024-03-12 00:00:00";2;7;16137376;782
"2024-03-12 00:00:00";"2024-03-12 01:00:00";2;23;314232;783
"2024-03-12 01:00:00";"2024-03-12 02:00:00";2;11;73733488;784
"2024-03-12 02:00:00";"2024-03-12 03:00:00";2;16;88797343;785
"2024-03-12 03:00:00";"2024-03-12 04:00:00";2;3;3639807;786
"2024-03-12 04:00:00";"2024-03-12 05:00:00";2;19;33914636;787
"2024-03-12 05:00:00";"2024-03-12 06:00:00";2;5;22894376;788
"2024-03-12 06:00:00";"2024-03-12 07:00:00";2;20;12735410;789
"2024-03-12 07:00:00";"2024-03-12 08:00:00";2;7;18586660;790
"2024-03-12 08:00:00";"2024-03-12 09:00:00";2;19;79268270;791
"2024-03-12 09:00:00";"2024-03-12 10:00:00";2;10;52220010;792
"2024-03-12 10:00:00";"2024-03-12 11:00:00";2;15;19095040;793
"2024-03-12 11:00:00";"2024-03-12 12:00:00";2;6;73790606;794
"2024-03-12 12:00:00";"2024-03-12 13:00:00";2;25;7884894;795
"2024-03-12 13:00:00";"2024-03-12 14:00:00";2;21;60922241;796
"2024-03-12 14:00:00";"2024-03-12 15:00:00";2;5;3031177;797
"2024-03-12 15:00:00";"2024-03-12 16:00:00";2;19;64424431;798
"2024-03-12 16:00:00";"2024-03-12 17:00:00";2;12;62842484;799
"2024-03-12 17:00:00";"2024-03-12 18:00:00";2;16;70273338;800
"2024-03-12 18:00:00";"2024-03-12 19:00:00";2;9;91928238;801
"2024-03-12 19:00:00";"2024-03-12 20:00:00";2;23;4348399;802
"2024-03-12 20:00:00";"2024-03-12 21:00:00";2;17;39901516;803
"2024-03-12 21:00:00";"2024-03-12 22:00:00";2;8;11952498;804
"2024-03-12 22:00:00";"2024-03-12 23:00:00";2;25;57594316;805
"2024-03-12 23:00:00";"2024-03-13 00:00:00";2;8;42422713;806
"2024-03-13 00:00:00";"2024-03-13 01:00:00";2;21;29022054;807
"2024-03-13 01:00:00";"2024-03-13 02:00:00";2;3;89787227;808
"2024-03-13 02:00:00";"2024-03-13 03:00:00";2;15;25785960;809
"2024-03-13 03:00:00";"2024-03-13 04:00:00";2;21;64789652;810
"2024-03-13 04:00:00";"2024-03-13 05:00:00";2;17;64968266;811
"2024-03-13 05:00:00";"2024-03-13 06:00:00";2;21;59594783;812
"2024-03-13 06:00:00";"2024-03-13 07:00:00";2;13;22422041;813
"2024-03-13 07:00:00";"2024-03-13 08:00:00";2;25;73582479;814
"2024-03-13 08:00:00";"2024-03-13 09:00:00";2;23;55314046;815
"2024-03-13 09:00:00";"2024-03-13 10:00:00";2;23;82864063;816
"2024-03-13 10:00:00";"2024-03-13 11:00:00";2;8;4536641;817
"2024-03-13 11:00:00";"2024-03-13 12:00:00";2;4;95115955;818
"2024-03-13 12:00:00";"2024-03-13 13:00:00";2;10;76917176;819
"2024-03-13 13:00:00";"2024-03-13 14:00:00";2;16;49178413;820
"2024-03-13 14:00:00";"2024-03-13 15:00:00";2;13;85837286;821
"2024-03-13 15:00:00";"2024-03-13 16:00:00";2;23;11335926;822
"2024-03-13 16:00:00";"2024-03-13 17:00:00";2;15;57808485;823
"2024-03-13 17:00:00";"2024-03-13 18:00:00";2;8;29565054;824
"2024-03-13 18:00:00";"2024-03-13 19:00:00";2;6;81676279;825
"2024-03-13 19:00:00";"2024-03-13 20:00:00";2;3;27153093;826
"2024-03-13 20:00:00";"2024-03-13 21:00:00";2;8;90446305;827
"2024-03-13 21:00:00";"2024-03-13 22:00:00";2;2;18366950;828
"2024-03-13 22:00:00";"2024-03-13 23:00:00";2;7;66309248;829
"2024-03-13 23:00:00";"2024-03-14 00:00:00";2;6;83258756;830
"2024-03-14 00:00:00";"2024-03-14 01:00:00";2;11;54415448;831
"2024-03-14 01:00:00";"2024-03-14 02:00:00";2;17;44768078;832
"2024-03-14 02:00:00";"2024-03-14 03:00:00";2;19;56506508;833
"2024-03-14 03:00:00";"2024-03-14 04:00:00";2;11;99117953;834
"2024-03-14 04:00:00";"2024-03-14 05:00:00";2;22;61903832;835
"2024-03-14 05:00:00";"2024-03-14 06:00:00";2;12;86763257;836
"2024-03-14 06:00:00";"2024-03-14 07:00:00";2;10;9899147;837
"2024-03-14 07:00:00";"2024-03-14 08:00:00";2;25;84058098;838
"2024-03-14 08:00:00";"2024-03-14 09:00:00";2;5;77668810;839
"2024-03-14 09:00:00";"2024-03-14 10:00:00";2;12;148830;840
"2024-03-14 10:00:00";"2024-03-14 11:00:00";2;21;53883225;841
"2024-03-14 11:00:00";"2024-03-14 12:00:00";2;24;85718861;842
"2024-03-14 12:00:00";"2024-03-14 13:00:00";2;23;6709108;843
"2024-03-14 13:00:00";"2024-03-14 14:00:00";2;17;83020634;844
"2024-03-14 14:00:00";"2024-03-14 15:00:00";2;13;41471873;845
"2024-03-14 15:00:00";"2024-03-14 16:00:00";2;5;54601685;846
"2024-03-14 16:00:00";"2024-03-14 17:00:00";2;9;87487265;847
"2024-03-14 17:00:00";"2024-03-14 18:00:00";2;20;32300877;848
"2024-03-14 18:00:00";"2024-03-14 19:00:00";2;5;64176409;849
"2024-03-14 19:00:00";"2024-03-14 20:00:00";2;22;91055008;850
"2024-03-14 20:00:00";"2024-03-14 21:00:00";2;22;76301298;851
"2024-03-14 21:00:00";"2024-03-14 22:00:00";2;23;12975697;852
"2024-03-14 22:00:00";"2024-03-14 23:00:00";2;17;38814131;853
"2024-03-14 23:00:00";"2024-03-15 00:00:00";2;21;6753915;854
"2024-03-15 00:00:00";"2024-03-15 01:00:00";2;7;59283250;855
"2024-03-15 01:00:00";"2024-03-15 02:00:00";2;6;53010269;856
"2024-03-15 02:00:00";"2024-03-15 03:00:00";2;8;25081727;857
"2024-03-15 03:00:00";"2024-03-15 04:00:00";2;9;76580562;858
"2024-03-15 04:00:00";"2024-03-15 05:00:00";2;8;82506237;859
"2024-03-15 05:00:00";"2024-03-15 06:00:00";2;18;97318621;860
"2024-03-15 06:00:00";"2024-03-15 07:00:00";2;2;23799690;861
"2024-03-15 07:00:00";"2024-03-15 08:00:00";2;2;78784431;862
"2024-03-15 08:00:00";"2024-03-15 09:00:00";2;22;47810387;863
"2024-03-15 09:00:00";"2024-03-15 10:00:00";2;17;2700297;864
"2024-03-15 10:00:00";"2024-03-15 11:00:00";2;9;51924597;865
"2024-03-15 11:00:00";"2024-03-15 12:00:00";2;5;21399098;866
"2024-03-15 12:00:00";"2024-03-15 13:00:00";2;22;82212133;867
"2024-03-15 13:00:00";"2024-03-15 14:00:00";2;5;32316336;868
"2024-03-15 14:00:00";"2024-03-15 15:00:00";2;18;89742383;869
"2024-03-15 15:00:00";"2024-03-15 16:00:00";2;14;31114820;870
"2024-03-15 16:00:00";"2024-03-15 17:00:00";2;5;52140083;871
"2024-03-15 17:00:00";"2024-03-15 18:00:00";2;8;13062053;872
"2024-03-15 18:00:00";"2024-03-15 19:00:00";2;19;48097293;873
"2024-03-15 19:00:00";"2024-03-15 20:00:00";2;11;37153994;874
"2024-03-15 20:00:00";"2024-03-15 21:00:00";2;14;60244703;875
"2024-03-15 21:00:00";"2024-03-15 22:00:00";2;8;52104346;876
"2024-03-15 22:00:00";"2024-03-15 23:00:00";2;4;9077482;877
"2024-03-15 23:00:00";"2024-03-16 00:00:00";2;16;17169085;878
"2024-03-16 00:00:00";"2024-03-16 01:00:00";2;22;32157891;879
"2024-03-16 01:00:00";"2024-03-16 02:00:00";2;12;69886401;880
"2024-03-16 02:00:00";"2024-03-16 03:00:00";2;19;52269727;881
"2024-03-16 03:00:00";"2024-03-16 04:00:00";2;10;84780383;882
"2024-03-16 04:00:00";"2024-03-16 05:00:00";2;20;73332440;883
"2024-03-16 05:00:00";"2024-03-16 06:00:00";2;15;96062767;884
"2024-03-16 06:00:00";"2024-03-16 07:00:00";2;20;90512055;885
"2024-03-16 07:00:00";"2024-03-16 08:00:00";2;1;89093504;886
"2024-03-16 08:00:00";"2024-03-16 09:00:00";2;17;51970309;887
"2024-03-16 09:00:00";"2024-03-16 10:00:00";2;14;92113006;888
"2024-03-16 10:00:00";"2024-03-16 11:00:00";2;25;4014548;889
"2024-03-16 11:00:00";"2024-03-16 12:00:00";2;19;65384309;890
"2024-03-16 12:00:00";"2024-03-16 13:00:00";2;22;43052550;891
"2024-03-16 13:00:00";"2024-03-16 14:00:00";2;4;9792227;892
"2024-03-16 14:00:00";"2024-03-16 15:00:00";2;11;79784958;893
"2024-03-16 15:00:00";"2024-03-16 16:00:00";2;5;23111478;894
"2024-03-16 16:00:00";"2024-03-16 17:00:00";2;13;50612547;895
"2024-03-16 17:00:00";"2024-03-16 18:00:00";2;3;68111996;896
"2024-03-16 18:00:00";"2024-03-16 19:00:00";2;21;34487177;897
"2024-03-16 19:00:00";"2024-03-16 20:00:00";2;6;82514701;898
"2024-03-16 20:00:00";"2024-03-16 21:00:00";2;22;10648263;899
"2024-03-16 21:00:00";"2024-03-16 22:00:00";2;13;33205236;900
"2024-03-16 22:00:00";"2024-03-16 23:00:00";2;6;23177055;901
"2024-03-16 23:00:00";"2024-03-17 00:00:00";2;3;74279042;902
"2024-03-17 00:00:00";"2024-03-17 01:00:00";2;17;65447997;903
"2024-03-17 01:00:00";"2024-03-17 02:00:00";2;14;15213947;904
"2024-03-17 02:00:00";"2024-03-17 03:00:00";2;23;13801375;905
"2024-03-17 03:00:00";"2024-03-17 04:00:00";2;22;98093793;906
"2024-03-17 04:00:00";"2024-03-17 05:00:00";2;10;91608086;907
"2024-03-17 05:00:00";"2024-03-17 06:00:00";2;11;54248660;908
"2024-03-17 06:00:00";"2024-03-17 07:00:00";2;15;37912315;909
"2024-03-17 07:00:00";"2024-03-17 08:00:00";2;20;95406612;910
"2024-03-17 08:00:00";"2024-03-17 09:00:00";2;19;58649945;911
"2024-03-17 09:00:00";"2024-03-17 10:00:00";2;7;53503766;912
"2024-03-17 10:00:00";"2024-03-17 11:00:00";2;3;11741021;913
"2024-03-17 11:00:00";"2024-03-17 12:00:00";2;22;29271630;914
"2024-03-17 12:00:00";"2024-03-17 13:00:00";2;17;92897642;915
"2024-03-17 13:00:00";"2024-03-17 14:00:00";2;15;31772939;916
"2024-03-17 14:00:00";"2024-03-17 15:00:00";2;8;58590411;917
"2024-03-17 15:00:00";"2024-03-17 16:00:00";2;17;79912631;918
"2024-03-17 16:00:00";"2024-03-17 17:00:00";2;3;22156204;919
"2024-03-17 17:00:00";"2024-03-17 18:00:00";2;5;9894122;920
"2024-03-17 18:00:00";"2024-03-17 19:00:00";2;20;53448679;921
"2024-03-17 19:00:00";"2024-03-17 20:00:00";2;12;58470256;922
"2024-03-17 20:00:00";"2024-03-17 21:00:00";2;23;80734734;923
"2024-03-17 21:00:00";"2024-03-17 22:00:00";2;25;16063622;924
"2024-03-17 22:00:00";"2024-03-17 23:00:00";2;21;53791412;925
"2024-03-17 23:00:00";"2024-03-18 00:00:00";2;25;13374718;926
"2024-03-18 00:00:00";"2024-03-18 01:00:00";2;24;61487258;927
"2024-03-18 01:00:00";"2024-03-18 02:00:00";2;23;93494040;928
"2024-03-18 02:00:00";"2024-03-18 03:00:00";2;13;76731600;929
"2024-03-18 03:00:00";"2024-03-18 04:00:00";2;15;53883228;930
"2024-03-18 04:00:00";"2024-03-18 05:00:00";2;10;11798248;931
"2024-03-18 05:00:00";"2024-03-18 06:00:00";2;1;20550937;932
"2024-03-18 06:00:00";"2024-03-18 07:00:00";2;6;31993258;933
"2024-03-18 07:00:00";"2024-03-18 08:00:00";2;12;43543960;934
"2024-03-18 08:00:00";"2024-03-18 09:00:00";2;8;83818561;935
"2024-03-18 09:00:00";"2024-03-18 10:00:00";2;20;8288287;936
"2024-03-18 10:00:00";"2024-03-18 11:00:00";2;19;22625788;937
"2024-03-18 11:00:00";"2024-03-18 12:00:00";2;18;22696077;938
"2024-03-18 12:00:00";"2024-03-18 13:00:00";2;14;65761500;939
"2024-03-18 13:00:00";"2024-03-18 14:00:00";2;7;23212900;940
"2024-03-18 14:00:00";"2024-03-18 15:00:00";2;10;80942566;941
"2024-03-18 15:00:00";"2024-03-18 16:00:00";2;25;3587946;942
"2024-03-18 16:00:00";"2024-03-18 17:00:00";2;15;40697612;943
"2024-03-18 17:00:00";"2024-03-18 18:00:00";2;4;94143176;944
"2024-03-18 18:00:00";"2024-03-18 19:00:00";2;3;15858733;945
"2024-03-18 19:00:00";"2024-03-18 20:00:00";2;19;44293354;946
"2024-03-18 20:00:00";"2024-03-18 21:00:00";2;12;42040695;947
"2024-03-18 21:00:00";"2024-03-18 22:00:00";2;3;1187708;948
"2024-03-18 22:00:00";"2024-03-18 23:00:00";2;19;9619457;949
"2024-03-18 23:00:00";"2024-03-19 00:00:00";2;16;48328212;950
"2024-03-19 00:00:00";"2024-03-19 01:00:00";2;8;796445;951
"2024-03-19 01:00:00";"2024-03-19 02:00:00";2;6;12154405;952
"2024-03-19 02:00:00";"2024-03-19 03:00:00";2;19;16851472;953
"2024-03-19 03:00:00";"2024-03-19 04:00:00";2;21;55717846;954
"2024-03-19 04:00:00";"2024-03-19 05:00:00";2;18;8649078;955
"2024-03-19 05:00:00";"2024-03-19 06:00:00";2;7;27110949;956
"2024-03-19 06:00:00";"2024-03-19 07:00:00";2;2;86936987;957
"2024-03-19 07:00:00";"2024-03-19 08:00:00";2;10;88237669;958
"2024-02-28 09:00:00";"2024-02-28 10:00:00";3;23;76013587;959
"2024-02-28 10:00:00";"2024-02-28 11:00:00";3;5;9537685;960
"2024-02-28 11:00:00";"2024-02-28 12:00:00";3;5;50057802;961
"2024-02-28 12:00:00";"2024-02-28 13:00:00";3;9;65263093;962
"2024-02-28 13:00:00";"2024-02-28 14:00:00";3;12;86476527;963
"2024-02-28 14:00:00";"2024-02-28 15:00:00";3;25;30146257;964
"2024-02-28 15:00:00";"2024-02-28 16:00:00";3;3;1966558;965
"2024-02-28 16:00:00";"2024-02-28 17:00:00";3;21;84918712;966
"2024-02-28 17:00:00";"2024-02-28 18:00:00";3;9;41874593;967
"2024-02-28 18:00:00";"2024-02-28 19:00:00";3;21;34390194;968
"2024-02-28 19:00:00";"2024-02-28 20:00:00";3;18;54825971;969
"2024-02-28 20:00:00";"2024-02-28 21:00:00";3;11;99038578;970
"2024-02-28 21:00:00";"2024-02-28 22:00:00";3;3;15615407;971
"2024-02-28 22:00:00";"2024-02-28 23:00:00";3;12;71788412;972
"2024-02-28 23:00:00";"2024-02-29 00:00:00";3;5;97639735;973
"2024-02-29 00:00:00";"2024-02-29 01:00:00";3;7;1045211;974
"2024-02-29 01:00:00";"2024-02-29 02:00:00";3;5;88769216;975
"2024-02-29 02:00:00";"2024-02-29 03:00:00";3;1;84434040;976
"2024-02-29 03:00:00";"2024-02-29 04:00:00";3;17;56048876;977
"2024-02-29 04:00:00";"2024-02-29 05:00:00";3;18;91405629;978
"2024-02-29 05:00:00";"2024-02-29 06:00:00";3;11;14232566;979
"2024-02-29 06:00:00";"2024-02-29 07:00:00";3;9;46940699;980
"2024-02-29 07:00:00";"2024-02-29 08:00:00";3;22;42930982;981
"2024-02-29 08:00:00";"2024-02-29 09:00:00";3;7;68335468;982
"2024-02-29 09:00:00";"2024-02-29 10:00:00";3;14;36963927;983
"2024-02-29 10:00:00";"2024-02-29 11:00:00";3;17;38132895;984
"2024-02-29 11:00:00";"2024-02-29 12:00:00";3;15;7022382;985
"2024-02-29 12:00:00";"2024-02-29 13:00:00";3;1;49632277;986
"2024-02-29 13:00:00";"2024-02-29 14:00:00";3;4;73455949;987
"2024-02-29 14:00:00";"2024-02-29 15:00:00";3;13;78333637;988
"2024-02-29 15:00:00";"2024-02-29 16:00:00";3;22;98206428;989
"2024-02-29 16:00:00";"2024-02-29 17:00:00";3;5;9735263;990
"2024-02-29 17:00:00";"2024-02-29 18:00:00";3;9;69722267;991
"2024-02-29 18:00:00";"2024-02-29 19:00:00";3;15;7997007;992
"2024-02-29 19:00:00";"2024-02-29 20:00:00";3;21;17036902;993
"2024-02-29 20:00:00";"2024-02-29 21:00:00";3;20;3315830;994
"2024-02-29 21:00:00";"2024-02-29 22:00:00";3;15;63815149;995
"2024-02-29 22:00:00";"2024-02-29 23:00:00";3;21;40952863;996
"2024-02-29 23:00:00";"2024-03-01 00:00:00";3;20;5616241;997
"2024-03-01 00:00:00";"2024-03-01 01:00:00";3;17;99535240;998
"2024-03-01 01:00:00";"2024-03-01 02:00:00";3;5;76253457;999
"2024-03-01 02:00:00";"2024-03-01 03:00:00";3;18;98675412;1000
"2024-03-01 03:00:00";"2024-03-01 04:00:00";3;23;67124170;1001
"2024-03-01 04:00:00";"2024-03-01 05:00:00";3;24;69562798;1002
"2024-03-01 05:00:00";"2024-03-01 06:00:00";3;25;39728727;1003
"2024-03-01 06:00:00";"2024-03-01 07:00:00";3;9;20756964;1004
"2024-03-01 07:00:00";"2024-03-01 08:00:00";3;14;72093000;1005
"2024-03-01 08:00:00";"2024-03-01 09:00:00";3;18;54029959;1006
"2024-03-01 09:00:00";"2024-03-01 10:00:00";3;3;58070471;1007
"2024-03-01 10:00:00";"2024-03-01 11:00:00";3;9;51162640;1008
"2024-03-01 11:00:00";"2024-03-01 12:00:00";3;16;20951737;1009
"2024-03-01 12:00:00";"2024-03-01 13:00:00";3;21;86802836;1010
"2024-03-01 13:00:00";"2024-03-01 14:00:00";3;1;53690020;1011
"2024-03-01 14:00:00";"2024-03-01 15:00:00";3;22;19861369;1012
"2024-03-01 15:00:00";"2024-03-01 16:00:00";3;12;84411839;1013
"2024-03-01 16:00:00";"2024-03-01 17:00:00";3;1;66787535;1014
"2024-03-01 17:00:00";"2024-03-01 18:00:00";3;18;22585611;1015
"2024-03-01 18:00:00";"2024-03-01 19:00:00";3;3;75073073;1016
"2024-03-01 19:00:00";"2024-03-01 20:00:00";3;5;35943291;1017
"2024-03-01 20:00:00";"2024-03-01 21:00:00";3;17;50439872;1018
"2024-03-01 21:00:00";"2024-03-01 22:00:00";3;3;66479562;1019
"2024-03-01 22:00:00";"2024-03-01 23:00:00";3;14;72641410;1020
"2024-03-01 23:00:00";"2024-03-02 00:00:00";3;17;23890468;1021
"2024-03-02 00:00:00";"2024-03-02 01:00:00";3;2;84232996;1022
"2024-03-02 01:00:00";"2024-03-02 02:00:00";3;14;12771807;1023
"2024-03-02 02:00:00";"2024-03-02 03:00:00";3;10;95936021;1024
"2024-03-02 03:00:00";"2024-03-02 04:00:00";3;6;4702931;1025
"2024-03-02 04:00:00";"2024-03-02 05:00:00";3;23;8543482;1026
"2024-03-02 05:00:00";"2024-03-02 06:00:00";3;20;64732246;1027
"2024-03-02 06:00:00";"2024-03-02 07:00:00";3;1;62207729;1028
"2024-03-02 07:00:00";"2024-03-02 08:00:00";3;10;73307238;1029
"2024-03-02 08:00:00";"2024-03-02 09:00:00";3;7;42248504;1030
"2024-03-02 09:00:00";"2024-03-02 10:00:00";3;20;46717670;1031
"2024-03-02 10:00:00";"2024-03-02 11:00:00";3;14;69464707;1032
"2024-03-02 11:00:00";"2024-03-02 12:00:00";3;24;81821510;1033
"2024-03-02 12:00:00";"2024-03-02 13:00:00";3;12;783713;1034
"2024-03-02 13:00:00";"2024-03-02 14:00:00";3;25;22187339;1035
"2024-03-02 14:00:00";"2024-03-02 15:00:00";3;5;51707106;1036
"2024-03-02 15:00:00";"2024-03-02 16:00:00";3;7;33615314;1037
"2024-03-02 16:00:00";"2024-03-02 17:00:00";3;8;9493517;1038
"2024-03-02 17:00:00";"2024-03-02 18:00:00";3;13;65904498;1039
"2024-03-02 18:00:00";"2024-03-02 19:00:00";3;17;39752232;1040
"2024-03-02 19:00:00";"2024-03-02 20:00:00";3;13;76143215;1041
"2024-03-02 20:00:00";"2024-03-02 21:00:00";3;3;48812402;1042
"2024-03-02 21:00:00";"2024-03-02 22:00:00";3;11;65949489;1043
"2024-03-02 22:00:00";"2024-03-02 23:00:00";3;19;69901842;1044
"2024-03-02 23:00:00";"2024-03-03 00:00:00";3;14;93031146;1045
"2024-03-03 00:00:00";"2024-03-03 01:00:00";3;11;8148081;1046
"2024-03-03 01:00:00";"2024-03-03 02:00:00";3;17;16033316;1047
"2024-03-03 02:00:00";"2024-03-03 03:00:00";3;25;43347671;1048
"2024-03-03 03:00:00";"2024-03-03 04:00:00";3;10;13570443;1049
"2024-03-03 04:00:00";"2024-03-03 05:00:00";3;2;31294183;1050
"2024-03-03 05:00:00";"2024-03-03 06:00:00";3;14;34088846;1051
"2024-03-03 06:00:00";"2024-03-03 07:00:00";3;12;15480860;1052
"2024-03-03 07:00:00";"2024-03-03 08:00:00";3;5;16075316;1053
"2024-03-03 08:00:00";"2024-03-03 09:00:00";3;10;7782312;1054
"2024-03-03 09:00:00";"2024-03-03 10:00:00";3;8;9230103;1055
"2024-03-03 10:00:00";"2024-03-03 11:00:00";3;8;86165438;1056
"2024-03-03 11:00:00";"2024-03-03 12:00:00";3;10;485145;1057
"2024-03-03 12:00:00";"2024-03-03 13:00:00";3;15;1790256;1058
"2024-03-03 13:00:00";"2024-03-03 14:00:00";3;17;35908403;1059
"2024-03-03 14:00:00";"2024-03-03 15:00:00";3;7;69555598;1060
"2024-03-03 15:00:00";"2024-03-03 16:00:00";3;17;45143910;1061
"2024-03-03 16:00:00";"2024-03-03 17:00:00";3;4;13055240;1062
"2024-03-03 17:00:00";"2024-03-03 18:00:00";3;9;41457305;1063
"2024-03-03 18:00:00";"2024-03-03 19:00:00";3;22;45180997;1064
"2024-03-03 19:00:00";"2024-03-03 20:00:00";3;22;42864758;1065
"2024-03-03 20:00:00";"2024-03-03 21:00:00";3;14;32698076;1066
"2024-03-03 21:00:00";"2024-03-03 22:00:00";3;1;51206728;1067
"2024-03-03 22:00:00";"2024-03-03 23:00:00";3;15;30793844;1068
"2024-03-03 23:00:00";"2024-03-04 00:00:00";3;19;32188527;1069
"2024-03-04 00:00:00";"2024-03-04 01:00:00";3;15;90946133;1070
"2024-03-04 01:00:00";"2024-03-04 02:00:00";3;12;63959774;1071
"2024-03-04 02:00:00";"2024-03-04 03:00:00";3;14;71866103;1072
"2024-03-04 03:00:00";"2024-03-04 04:00:00";3;8;1170832;1073
"2024-03-04 04:00:00";"2024-03-04 05:00:00";3;20;93450079;1074
"2024-03-04 05:00:00";"2024-03-04 06:00:00";3;9;29864146;1075
"2024-03-04 06:00:00";"2024-03-04 07:00:00";3;12;12644641;1076
"2024-03-04 07:00:00";"2024-03-04 08:00:00";3;22;43083062;1077
"2024-03-04 08:00:00";"2024-03-04 09:00:00";3;2;8221382;1078
"2024-03-04 09:00:00";"2024-03-04 10:00:00";3;18;32573266;1079
"2024-03-04 10:00:00";"2024-03-04 11:00:00";3;15;99316661;1080
"2024-03-04 11:00:00";"2024-03-04 12:00:00";3;22;86088487;1081
"2024-03-04 12:00:00";"2024-03-04 13:00:00";3;24;96174543;1082
"2024-03-04 13:00:00";"2024-03-04 14:00:00";3;10;78080564;1083
"2024-03-04 14:00:00";"2024-03-04 15:00:00";3;22;67107383;1084
"2024-03-04 15:00:00";"2024-03-04 16:00:00";3;6;2255370;1085
"2024-03-04 16:00:00";"2024-03-04 17:00:00";3;5;74840149;1086
"2024-03-04 17:00:00";"2024-03-04 18:00:00";3;12;83723599;1087
"2024-03-04 18:00:00";"2024-03-04 19:00:00";3;17;80026325;1088
"2024-03-04 19:00:00";"2024-03-04 20:00:00";3;1;25194834;1089
"2024-03-04 20:00:00";"2024-03-04 21:00:00";3;2;67021768;1090
"2024-03-04 21:00:00";"2024-03-04 22:00:00";3;19;42593015;1091
"2024-03-04 22:00:00";"2024-03-04 23:00:00";3;16;24498219;1092
"2024-03-04 23:00:00";"2024-03-05 00:00:00";3;21;70161967;1093
"2024-03-05 00:00:00";"2024-03-05 01:00:00";3;6;14001833;1094
"2024-03-05 01:00:00";"2024-03-05 02:00:00";3;17;10944620;1095
"2024-03-05 02:00:00";"2024-03-05 03:00:00";3;10;6258993;1096
"2024-03-05 03:00:00";"2024-03-05 04:00:00";3;19;55634464;1097
"2024-03-05 04:00:00";"2024-03-05 05:00:00";3;5;26358623;1098
"2024-03-05 05:00:00";"2024-03-05 06:00:00";3;7;29201071;1099
"2024-03-05 06:00:00";"2024-03-05 07:00:00";3;9;63666898;1100
"2024-03-05 07:00:00";"2024-03-05 08:00:00";3;10;71183853;1101
"2024-03-05 08:00:00";"2024-03-05 09:00:00";3;14;4538512;1102
"2024-03-05 09:00:00";"2024-03-05 10:00:00";3;25;40743091;1103
"2024-03-05 10:00:00";"2024-03-05 11:00:00";3;22;89973291;1104
"2024-03-05 11:00:00";"2024-03-05 12:00:00";3;6;22880153;1105
"2024-03-05 12:00:00";"2024-03-05 13:00:00";3;15;86034672;1106
"2024-03-05 13:00:00";"2024-03-05 14:00:00";3;22;16928229;1107
"2024-03-05 14:00:00";"2024-03-05 15:00:00";3;14;52117189;1108
"2024-03-05 15:00:00";"2024-03-05 16:00:00";3;23;14521612;1109
"2024-03-05 16:00:00";"2024-03-05 17:00:00";3;7;66355490;1110
"2024-03-05 17:00:00";"2024-03-05 18:00:00";3;20;31638630;1111
"2024-03-05 18:00:00";"2024-03-05 19:00:00";3;2;4252192;1112
"2024-03-05 19:00:00";"2024-03-05 20:00:00";3;4;90656888;1113
"2024-03-05 20:00:00";"2024-03-05 21:00:00";3;14;96922912;1114
"2024-03-05 21:00:00";"2024-03-05 22:00:00";3;9;54147434;1115
"2024-03-05 22:00:00";"2024-03-05 23:00:00";3;6;20483962;1116
"2024-03-05 23:00:00";"2024-03-06 00:00:00";3;13;75667911;1117
"2024-03-06 00:00:00";"2024-03-06 01:00:00";3;4;84623052;1118
"2024-03-06 01:00:00";"2024-03-06 02:00:00";3;15;45206809;1119
"2024-03-06 02:00:00";"2024-03-06 03:00:00";3;24;13190876;1120
"2024-03-06 03:00:00";"2024-03-06 04:00:00";3;5;92107356;1121
"2024-03-06 04:00:00";"2024-03-06 05:00:00";3;24;4938332;1122
"2024-03-06 05:00:00";"2024-03-06 06:00:00";3;11;47998807;1123
"2024-03-06 06:00:00";"2024-03-06 07:00:00";3;4;60820128;1124
"2024-03-06 07:00:00";"2024-03-06 08:00:00";3;3;31035505;1125
"2024-03-06 08:00:00";"2024-03-06 09:00:00";3;3;93422573;1126
"2024-03-06 09:00:00";"2024-03-06 10:00:00";3;1;62953577;1127
"2024-03-06 10:00:00";"2024-03-06 11:00:00";3;1;42195982;1128
"2024-03-06 11:00:00";"2024-03-06 12:00:00";3;5;77277009;1129
"2024-03-06 12:00:00";"2024-03-06 13:00:00";3;11;98737355;1130
"2024-03-06 13:00:00";"2024-03-06 14:00:00";3;4;83427758;1131
"2024-03-06 14:00:00";"2024-03-06 15:00:00";3;5;63146474;1132
"2024-03-06 15:00:00";"2024-03-06 16:00:00";3;6;63318889;1133
"2024-03-06 16:00:00";"2024-03-06 17:00:00";3;1;64550100;1134
"2024-03-06 17:00:00";"2024-03-06 18:00:00";3;10;47849081;1135
"2024-03-06 18:00:00";"2024-03-06 19:00:00";3;3;65649347;1136
"2024-03-06 19:00:00";"2024-03-06 20:00:00";3;24;36996832;1137
"2024-03-06 20:00:00";"2024-03-06 21:00:00";3;17;57301324;1138
"2024-03-06 21:00:00";"2024-03-06 22:00:00";3;12;33171582;1139
"2024-03-06 22:00:00";"2024-03-06 23:00:00";3;15;29717585;1140
"2024-03-06 23:00:00";"2024-03-07 00:00:00";3;9;80167716;1141
"2024-03-07 00:00:00";"2024-03-07 01:00:00";3;1;72180514;1142
"2024-03-07 01:00:00";"2024-03-07 02:00:00";3;13;74349054;1143
"2024-03-07 02:00:00";"2024-03-07 03:00:00";3;10;13889383;1144
"2024-03-07 03:00:00";"2024-03-07 04:00:00";3;24;8241947;1145
"2024-03-07 04:00:00";"2024-03-07 05:00:00";3;19;30607153;1146
"2024-03-07 05:00:00";"2024-03-07 06:00:00";3;12;45022654;1147
"2024-03-07 06:00:00";"2024-03-07 07:00:00";3;8;31456964;1148
"2024-03-07 07:00:00";"2024-03-07 08:00:00";3;15;13750120;1149
"2024-03-07 08:00:00";"2024-03-07 09:00:00";3;16;29095436;1150
"2024-03-07 09:00:00";"2024-03-07 10:00:00";3;23;75731869;1151
"2024-03-07 10:00:00";"2024-03-07 11:00:00";3;4;26463199;1152
"2024-03-07 11:00:00";"2024-03-07 12:00:00";3;7;91044165;1153
"2024-03-07 12:00:00";"2024-03-07 13:00:00";3;9;11588243;1154
"2024-03-07 13:00:00";"2024-03-07 14:00:00";3;17;17696361;1155
"2024-03-07 14:00:00";"2024-03-07 15:00:00";3;8;96014441;1156
"2024-03-07 15:00:00";"2024-03-07 16:00:00";3;19;93784029;1157
"2024-03-07 16:00:00";"2024-03-07 17:00:00";3;5;15177959;1158
"2024-03-07 17:00:00";"2024-03-07 18:00:00";3;17;82579391;1159
"2024-03-07 18:00:00";"2024-03-07 19:00:00";3;8;3602608;1160
"2024-03-07 19:00:00";"2024-03-07 20:00:00";3;7;32036625;1161
"2024-03-07 20:00:00";"2024-03-07 21:00:00";3;19;82588817;1162
"2024-03-07 21:00:00";"2024-03-07 22:00:00";3;8;1631927;1163
"2024-03-07 22:00:00";"2024-03-07 23:00:00";3;22;41899039;1164
"2024-03-07 23:00:00";"2024-03-08 00:00:00";3;9;11614657;1165
"2024-03-08 00:00:00";"2024-03-08 01:00:00";3;16;43877360;1166
"2024-03-08 01:00:00";"2024-03-08 02:00:00";3;21;51229755;1167
"2024-03-08 02:00:00";"2024-03-08 03:00:00";3;6;32877126;1168
"2024-03-08 03:00:00";"2024-03-08 04:00:00";3;8;54708635;1169
"2024-03-08 04:00:00";"2024-03-08 05:00:00";3;10;44514795;1170
"2024-03-08 05:00:00";"2024-03-08 06:00:00";3;20;86054173;1171
"2024-03-08 06:00:00";"2024-03-08 07:00:00";3;19;98140402;1172
"2024-03-08 07:00:00";"2024-03-08 08:00:00";3;16;17916224;1173
"2024-03-08 08:00:00";"2024-03-08 09:00:00";3;3;37346907;1174
"2024-03-08 09:00:00";"2024-03-08 10:00:00";3;18;6030197;1175
"2024-03-08 10:00:00";"2024-03-08 11:00:00";3;8;92977099;1176
"2024-03-08 11:00:00";"2024-03-08 12:00:00";3;13;41448835;1177
"2024-03-08 12:00:00";"2024-03-08 13:00:00";3;4;61884316;1178
"2024-03-08 13:00:00";"2024-03-08 14:00:00";3;1;58624429;1179
"2024-03-08 14:00:00";"2024-03-08 15:00:00";3;22;73931913;1180
"2024-03-08 15:00:00";"2024-03-08 16:00:00";3;13;21596113;1181
"2024-03-08 16:00:00";"2024-03-08 17:00:00";3;24;5957885;1182
"2024-03-08 17:00:00";"2024-03-08 18:00:00";3;12;44218050;1183
"2024-03-08 18:00:00";"2024-03-08 19:00:00";3;23;61580096;1184
"2024-03-08 19:00:00";"2024-03-08 20:00:00";3;12;97454841;1185
"2024-03-08 20:00:00";"2024-03-08 21:00:00";3;16;81981045;1186
"2024-03-08 21:00:00";"2024-03-08 22:00:00";3;7;49008667;1187
"2024-03-08 22:00:00";"2024-03-08 23:00:00";3;12;67708621;1188
"2024-03-08 23:00:00";"2024-03-09 00:00:00";3;5;82479492;1189
"2024-03-09 00:00:00";"2024-03-09 01:00:00";3;21;52892966;1190
"2024-03-09 01:00:00";"2024-03-09 02:00:00";3;21;77258045;1191
"2024-03-09 02:00:00";"2024-03-09 03:00:00";3;25;79253659;1192
"2024-03-09 03:00:00";"2024-03-09 04:00:00";3;15;51587430;1193
"2024-03-09 04:00:00";"2024-03-09 05:00:00";3;24;11313387;1194
"2024-03-09 05:00:00";"2024-03-09 06:00:00";3;7;92690993;1195
"2024-03-09 06:00:00";"2024-03-09 07:00:00";3;10;30113114;1196
"2024-03-09 07:00:00";"2024-03-09 08:00:00";3;8;15352631;1197
"2024-03-09 08:00:00";"2024-03-09 09:00:00";3;16;49522058;1198
"2024-03-09 09:00:00";"2024-03-09 10:00:00";3;8;7464029;1199
"2024-03-09 10:00:00";"2024-03-09 11:00:00";3;15;46347570;1200
"2024-03-09 11:00:00";"2024-03-09 12:00:00";3;4;74247462;1201
"2024-03-09 12:00:00";"2024-03-09 13:00:00";3;13;57582744;1202
"2024-03-09 13:00:00";"2024-03-09 14:00:00";3;2;76360632;1203
"2024-03-09 14:00:00";"2024-03-09 15:00:00";3;4;20302446;1204
"2024-03-09 15:00:00";"2024-03-09 16:00:00";3;16;47942949;1205
"2024-03-09 16:00:00";"2024-03-09 17:00:00";3;6;52263739;1206
"2024-03-09 17:00:00";"2024-03-09 18:00:00";3;2;63733254;1207
"2024-03-09 18:00:00";"2024-03-09 19:00:00";3;17;54828738;1208
"2024-03-09 19:00:00";"2024-03-09 20:00:00";3;8;17353627;1209
"2024-03-09 20:00:00";"2024-03-09 21:00:00";3;14;70363925;1210
"2024-03-09 21:00:00";"2024-03-09 22:00:00";3;9;51200520;1211
"2024-03-09 22:00:00";"2024-03-09 23:00:00";3;17;20049270;1212
"2024-03-09 23:00:00";"2024-03-10 00:00:00";3;8;413976;1213
"2024-03-10 00:00:00";"2024-03-10 01:00:00";3;4;56635415;1214
"2024-03-10 01:00:00";"2024-03-10 02:00:00";3;21;45221298;1215
"2024-03-10 02:00:00";"2024-03-10 03:00:00";3;8;82011841;1216
"2024-03-10 03:00:00";"2024-03-10 04:00:00";3;4;6499126;1217
"2024-03-10 04:00:00";"2024-03-10 05:00:00";3;1;38700829;1218
"2024-03-10 05:00:00";"2024-03-10 06:00:00";3;24;25405634;1219
"2024-03-10 06:00:00";"2024-03-10 07:00:00";3;16;95090274;1220
"2024-03-10 07:00:00";"2024-03-10 08:00:00";3;16;78953318;1221
"2024-03-10 08:00:00";"2024-03-10 09:00:00";3;21;9195331;1222
"2024-03-10 09:00:00";"2024-03-10 10:00:00";3;6;46785828;1223
"2024-03-10 10:00:00";"2024-03-10 11:00:00";3;4;98138836;1224
"2024-03-10 11:00:00";"2024-03-10 12:00:00";3;16;40365457;1225
"2024-03-10 12:00:00";"2024-03-10 13:00:00";3;9;28820549;1226
"2024-03-10 13:00:00";"2024-03-10 14:00:00";3;24;72259183;1227
"2024-03-10 14:00:00";"2024-03-10 15:00:00";3;19;18175051;1228
"2024-03-10 15:00:00";"2024-03-10 16:00:00";3;1;1031766;1229
"2024-03-10 16:00:00";"2024-03-10 17:00:00";3;10;23079541;1230
"2024-03-10 17:00:00";"2024-03-10 18:00:00";3;11;65027265;1231
"2024-03-10 18:00:00";"2024-03-10 19:00:00";3;3;64760487;1232
"2024-03-10 19:00:00";"2024-03-10 20:00:00";3;14;77471402;1233
"2024-03-10 20:00:00";"2024-03-10 21:00:00";3;14;70169008;1234
"2024-03-10 21:00:00";"2024-03-10 22:00:00";3;15;15094785;1235
"2024-03-10 22:00:00";"2024-03-10 23:00:00";3;23;93268555;1236
"2024-03-10 23:00:00";"2024-03-11 00:00:00";3;22;94911689;1237
"2024-03-11 00:00:00";"2024-03-11 01:00:00";3;19;67836984;1238
"2024-03-11 01:00:00";"2024-03-11 02:00:00";3;21;8754493;1239
"2024-03-11 02:00:00";"2024-03-11 03:00:00";3;22;25873009;1240
"2024-03-11 03:00:00";"2024-03-11 04:00:00";3;6;15335325;1241
"2024-03-11 04:00:00";"2024-03-11 05:00:00";3;22;22971248;1242
"2024-03-11 05:00:00";"2024-03-11 06:00:00";3;11;75472753;1243
"2024-03-11 06:00:00";"2024-03-11 07:00:00";3;13;45360220;1244
"2024-03-11 07:00:00";"2024-03-11 08:00:00";3;20;40982799;1245
"2024-03-11 08:00:00";"2024-03-11 09:00:00";3;24;29265774;1246
"2024-03-11 09:00:00";"2024-03-11 10:00:00";3;11;62703762;1247
"2024-03-11 10:00:00";"2024-03-11 11:00:00";3;14;18762966;1248
"2024-03-11 11:00:00";"2024-03-11 12:00:00";3;19;92128949;1249
"2024-03-11 12:00:00";"2024-03-11 13:00:00";3;22;85519503;1250
"2024-03-11 13:00:00";"2024-03-11 14:00:00";3;10;95898632;1251
"2024-03-11 14:00:00";"2024-03-11 15:00:00";3;8;65332912;1252
"2024-03-11 15:00:00";"2024-03-11 16:00:00";3;12;47503443;1253
"2024-03-11 16:00:00";"2024-03-11 17:00:00";3;2;59953835;1254
"2024-03-11 17:00:00";"2024-03-11 18:00:00";3;11;78338871;1255
"2024-03-11 18:00:00";"2024-03-11 19:00:00";3;25;56513544;1256
"2024-03-11 19:00:00";"2024-03-11 20:00:00";3;8;65900695;1257
"2024-03-11 20:00:00";"2024-03-11 21:00:00";3;4;24392181;1258
"2024-03-11 21:00:00";"2024-03-11 22:00:00";3;17;73412063;1259
"2024-03-11 22:00:00";"2024-03-11 23:00:00";3;15;24344813;1260
"2024-03-11 23:00:00";"2024-03-12 00:00:00";3;15;78325537;1261
"2024-03-12 00:00:00";"2024-03-12 01:00:00";3;15;66227021;1262
"2024-03-12 01:00:00";"2024-03-12 02:00:00";3;3;90560781;1263
"2024-03-12 02:00:00";"2024-03-12 03:00:00";3;20;59125327;1264
"2024-03-12 03:00:00";"2024-03-12 04:00:00";3;6;51446742;1265
"2024-03-12 04:00:00";"2024-03-12 05:00:00";3;14;35806888;1266
"2024-03-12 05:00:00";"2024-03-12 06:00:00";3;6;65374176;1267
"2024-03-12 06:00:00";"2024-03-12 07:00:00";3;8;97177374;1268
"2024-03-12 07:00:00";"2024-03-12 08:00:00";3;19;75181270;1269
"2024-03-12 08:00:00";"2024-03-12 09:00:00";3;14;2207800;1270
"2024-03-12 09:00:00";"2024-03-12 10:00:00";3;6;84154784;1271
"2024-03-12 10:00:00";"2024-03-12 11:00:00";3;18;35204708;1272
"2024-03-12 11:00:00";"2024-03-12 12:00:00";3;13;19907903;1273
"2024-03-12 12:00:00";"2024-03-12 13:00:00";3;23;71310588;1274
"2024-03-12 13:00:00";"2024-03-12 14:00:00";3;7;53781568;1275
"2024-03-12 14:00:00";"2024-03-12 15:00:00";3;21;59002448;1276
"2024-03-12 15:00:00";"2024-03-12 16:00:00";3;20;42109693;1277
"2024-03-12 16:00:00";"2024-03-12 17:00:00";3;15;66687705;1278
"2024-03-12 17:00:00";"2024-03-12 18:00:00";3;22;58803330;1279
"2024-03-12 18:00:00";"2024-03-12 19:00:00";3;2;41173041;1280
"2024-03-12 19:00:00";"2024-03-12 20:00:00";3;17;91170464;1281
"2024-03-12 20:00:00";"2024-03-12 21:00:00";3;17;86010078;1282
"2024-03-12 21:00:00";"2024-03-12 22:00:00";3;14;79435016;1283
"2024-03-12 22:00:00";"2024-03-12 23:00:00";3;1;45021752;1284
"2024-03-12 23:00:00";"2024-03-13 00:00:00";3;14;84601338;1285
"2024-03-13 00:00:00";"2024-03-13 01:00:00";3;16;23516585;1286
"2024-03-13 01:00:00";"2024-03-13 02:00:00";3;13;66492670;1287
"2024-03-13 02:00:00";"2024-03-13 03:00:00";3;15;69949670;1288
"2024-03-13 03:00:00";"2024-03-13 04:00:00";3;23;74149103;1289
"2024-03-13 04:00:00";"2024-03-13 05:00:00";3;22;92545833;1290
"2024-03-13 05:00:00";"2024-03-13 06:00:00";3;8;82291070;1291
"2024-03-13 06:00:00";"2024-03-13 07:00:00";3;5;87431753;1292
"2024-03-13 07:00:00";"2024-03-13 08:00:00";3;19;21038960;1293
"2024-03-13 08:00:00";"2024-03-13 09:00:00";3;8;91211850;1294
"2024-03-13 09:00:00";"2024-03-13 10:00:00";3;21;20141413;1295
"2024-03-13 10:00:00";"2024-03-13 11:00:00";3;11;46061970;1296
"2024-03-13 11:00:00";"2024-03-13 12:00:00";3;6;35030003;1297
"2024-03-13 12:00:00";"2024-03-13 13:00:00";3;2;29012424;1298
"2024-03-13 13:00:00";"2024-03-13 14:00:00";3;18;9324610;1299
"2024-03-13 14:00:00";"2024-03-13 15:00:00";3;1;69167131;1300
"2024-03-13 15:00:00";"2024-03-13 16:00:00";3;4;9012568;1301
"2024-03-13 16:00:00";"2024-03-13 17:00:00";3;22;72490812;1302
"2024-03-13 17:00:00";"2024-03-13 18:00:00";3;16;97279133;1303
"2024-03-13 18:00:00";"2024-03-13 19:00:00";3;10;29135507;1304
"2024-03-13 19:00:00";"2024-03-13 20:00:00";3;10;98552322;1305
"2024-03-13 20:00:00";"2024-03-13 21:00:00";3;18;74028561;1306
"2024-03-13 21:00:00";"2024-03-13 22:00:00";3;16;76230534;1307
"2024-03-13 22:00:00";"2024-03-13 23:00:00";3;8;58875923;1308
"2024-03-13 23:00:00";"2024-03-14 00:00:00";3;16;54086839;1309
"2024-03-14 00:00:00";"2024-03-14 01:00:00";3;16;19429247;1310
"2024-03-14 01:00:00";"2024-03-14 02:00:00";3;23;87603152;1311
"2024-03-14 02:00:00";"2024-03-14 03:00:00";3;1;52717451;1312
"2024-03-14 03:00:00";"2024-03-14 04:00:00";3;19;12406079;1313
"2024-03-14 04:00:00";"2024-03-14 05:00:00";3;21;67159945;1314
"2024-03-14 05:00:00";"2024-03-14 06:00:00";3;11;94292669;1315
"2024-03-14 06:00:00";"2024-03-14 07:00:00";3;14;16579484;1316
"2024-03-14 07:00:00";"2024-03-14 08:00:00";3;1;93599045;1317
"2024-03-14 08:00:00";"2024-03-14 09:00:00";3;16;54949289;1318
"2024-03-14 09:00:00";"2024-03-14 10:00:00";3;8;58241618;1319
"2024-03-14 10:00:00";"2024-03-14 11:00:00";3;11;50386368;1320
"2024-03-14 11:00:00";"2024-03-14 12:00:00";3;3;29824655;1321
"2024-03-14 12:00:00";"2024-03-14 13:00:00";3;10;17898003;1322
"2024-03-14 13:00:00";"2024-03-14 14:00:00";3;17;98748048;1323
"2024-03-14 14:00:00";"2024-03-14 15:00:00";3;2;84470398;1324
"2024-03-14 15:00:00";"2024-03-14 16:00:00";3;3;73065629;1325
"2024-03-14 16:00:00";"2024-03-14 17:00:00";3;21;96339810;1326
"2024-03-14 17:00:00";"2024-03-14 18:00:00";3;17;35551013;1327
"2024-03-14 18:00:00";"2024-03-14 19:00:00";3;14;46101507;1328
"2024-03-14 19:00:00";"2024-03-14 20:00:00";3;20;90449987;1329
"2024-03-14 20:00:00";"2024-03-14 21:00:00";3;1;11397681;1330
"2024-03-14 21:00:00";"2024-03-14 22:00:00";3;18;39974675;1331
"2024-03-14 22:00:00";"2024-03-14 23:00:00";3;20;2301426;1332
"2024-03-14 23:00:00";"2024-03-15 00:00:00";3;9;57775547;1333
"2024-03-15 00:00:00";"2024-03-15 01:00:00";3;24;51512388;1334
"2024-03-15 01:00:00";"2024-03-15 02:00:00";3;9;27276207;1335
"2024-03-15 02:00:00";"2024-03-15 03:00:00";3;21;10744734;1336
"2024-03-15 03:00:00";"2024-03-15 04:00:00";3;23;4548576;1337
"2024-03-15 04:00:00";"2024-03-15 05:00:00";3;1;44177375;1338
"2024-03-15 05:00:00";"2024-03-15 06:00:00";3;10;23830898;1339
"2024-03-15 06:00:00";"2024-03-15 07:00:00";3;20;11818677;1340
"2024-03-15 07:00:00";"2024-03-15 08:00:00";3;14;47148506;1341
"2024-03-15 08:00:00";"2024-03-15 09:00:00";3;5;83695995;1342
"2024-03-15 09:00:00";"2024-03-15 10:00:00";3;23;33901178;1343
"2024-03-15 10:00:00";"2024-03-15 11:00:00";3;15;11808186;1344
"2024-03-15 11:00:00";"2024-03-15 12:00:00";3;17;70656483;1345
"2024-03-15 12:00:00";"2024-03-15 13:00:00";3;11;47984164;1346
"2024-03-15 13:00:00";"2024-03-15 14:00:00";3;20;12474520;1347
"2024-03-15 14:00:00";"2024-03-15 15:00:00";3;23;39692066;1348
"2024-03-15 15:00:00";"2024-03-15 16:00:00";3;3;84436207;1349
"2024-03-15 16:00:00";"2024-03-15 17:00:00";3;4;65273546;1350
"2024-03-15 17:00:00";"2024-03-15 18:00:00";3;15;23018542;1351
"2024-03-15 18:00:00";"2024-03-15 19:00:00";3;5;8180832;1352
"2024-03-15 19:00:00";"2024-03-15 20:00:00";3;9;81731373;1353
"2024-03-15 20:00:00";"2024-03-15 21:00:00";3;1;85027430;1354
"2024-03-15 21:00:00";"2024-03-15 22:00:00";3;7;21989775;1355
"2024-03-15 22:00:00";"2024-03-15 23:00:00";3;6;73396233;1356
"2024-03-15 23:00:00";"2024-03-16 00:00:00";3;7;79344751;1357
"2024-03-16 00:00:00";"2024-03-16 01:00:00";3;24;66463391;1358
"2024-03-16 01:00:00";"2024-03-16 02:00:00";3;10;65546010;1359
"2024-03-16 02:00:00";"2024-03-16 03:00:00";3;16;66987019;1360
"2024-03-16 03:00:00";"2024-03-16 04:00:00";3;12;99889782;1361
"2024-03-16 04:00:00";"2024-03-16 05:00:00";3;14;22784028;1362
"2024-03-16 05:00:00";"2024-03-16 06:00:00";3;9;78150277;1363
"2024-03-16 06:00:00";"2024-03-16 07:00:00";3;8;69495013;1364
"2024-03-16 07:00:00";"2024-03-16 08:00:00";3;22;86156289;1365
"2024-03-16 08:00:00";"2024-03-16 09:00:00";3;8;49548921;1366
"2024-03-16 09:00:00";"2024-03-16 10:00:00";3;12;57617872;1367
"2024-03-16 10:00:00";"2024-03-16 11:00:00";3;2;4430151;1368
"2024-03-16 11:00:00";"2024-03-16 12:00:00";3;16;4807713;1369
"2024-03-16 12:00:00";"2024-03-16 13:00:00";3;25;21578114;1370
"2024-03-16 13:00:00";"2024-03-16 14:00:00";3;11;16646101;1371
"2024-03-16 14:00:00";"2024-03-16 15:00:00";3;11;58782590;1372
"2024-03-16 15:00:00";"2024-03-16 16:00:00";3;15;4928089;1373
"2024-03-16 16:00:00";"2024-03-16 17:00:00";3;4;64359399;1374
"2024-03-16 17:00:00";"2024-03-16 18:00:00";3;19;76979686;1375
"2024-03-16 18:00:00";"2024-03-16 19:00:00";3;4;77594613;1376
"2024-03-16 19:00:00";"2024-03-16 20:00:00";3;20;45862682;1377
"2024-03-16 20:00:00";"2024-03-16 21:00:00";3;2;93138736;1378
"2024-03-16 21:00:00";"2024-03-16 22:00:00";3;6;39103085;1379
"2024-03-16 22:00:00";"2024-03-16 23:00:00";3;25;37734489;1380
"2024-03-16 23:00:00";"2024-03-17 00:00:00";3;15;98347099;1381
"2024-03-17 00:00:00";"2024-03-17 01:00:00";3;12;65705124;1382
"2024-03-17 01:00:00";"2024-03-17 02:00:00";3;14;47714232;1383
"2024-03-17 02:00:00";"2024-03-17 03:00:00";3;1;79159088;1384
"2024-03-17 03:00:00";"2024-03-17 04:00:00";3;13;53095340;1385
"2024-03-17 04:00:00";"2024-03-17 05:00:00";3;18;13338363;1386
"2024-03-17 05:00:00";"2024-03-17 06:00:00";3;6;61222493;1387
"2024-03-17 06:00:00";"2024-03-17 07:00:00";3;5;60721482;1388
"2024-03-17 07:00:00";"2024-03-17 08:00:00";3;11;41818165;1389
"2024-03-17 08:00:00";"2024-03-17 09:00:00";3;16;98470069;1390
"2024-03-17 09:00:00";"2024-03-17 10:00:00";3;15;12126918;1391
"2024-03-17 10:00:00";"2024-03-17 11:00:00";3;16;11974357;1392
"2024-03-17 11:00:00";"2024-03-17 12:00:00";3;16;87068817;1393
"2024-03-17 12:00:00";"2024-03-17 13:00:00";3;7;97315424;1394
"2024-03-17 13:00:00";"2024-03-17 14:00:00";3;24;14369171;1395
"2024-03-17 14:00:00";"2024-03-17 15:00:00";3;12;72439573;1396
"2024-03-17 15:00:00";"2024-03-17 16:00:00";3;23;49364017;1397
"2024-03-17 16:00:00";"2024-03-17 17:00:00";3;20;21065122;1398
"2024-03-17 17:00:00";"2024-03-17 18:00:00";3;24;33618726;1399
"2024-03-17 18:00:00";"2024-03-17 19:00:00";3;6;45458735;1400
"2024-03-17 19:00:00";"2024-03-17 20:00:00";3;1;32703873;1401
"2024-03-17 20:00:00";"2024-03-17 21:00:00";3;3;70184015;1402
"2024-03-17 21:00:00";"2024-03-17 22:00:00";3;13;86936320;1403
"2024-03-17 22:00:00";"2024-03-17 23:00:00";3;8;45009170;1404
"2024-03-17 23:00:00";"2024-03-18 00:00:00";3;1;42915137;1405
"2024-03-18 00:00:00";"2024-03-18 01:00:00";3;3;62945035;1406
"2024-03-18 01:00:00";"2024-03-18 02:00:00";3;14;79374819;1407
"2024-03-18 02:00:00";"2024-03-18 03:00:00";3;4;80764263;1408
"2024-03-18 03:00:00";"2024-03-18 04:00:00";3;3;67168030;1409
"2024-03-18 04:00:00";"2024-03-18 05:00:00";3;13;91533892;1410
"2024-03-18 05:00:00";"2024-03-18 06:00:00";3;20;16814990;1411
"2024-03-18 06:00:00";"2024-03-18 07:00:00";3;8;9196569;1412
"2024-03-18 07:00:00";"2024-03-18 08:00:00";3;21;57567655;1413
"2024-03-18 08:00:00";"2024-03-18 09:00:00";3;12;36892235;1414
"2024-03-18 09:00:00";"2024-03-18 10:00:00";3;15;56696967;1415
"2024-03-18 10:00:00";"2024-03-18 11:00:00";3;25;76666764;1416
"2024-03-18 11:00:00";"2024-03-18 12:00:00";3;16;56896755;1417
"2024-03-18 12:00:00";"2024-03-18 13:00:00";3;23;16923854;1418
"2024-03-18 13:00:00";"2024-03-18 14:00:00";3;9;71296438;1419
"2024-03-18 14:00:00";"2024-03-18 15:00:00";3;21;94210877;1420
"2024-03-18 15:00:00";"2024-03-18 16:00:00";3;3;387388;1421
"2024-03-18 16:00:00";"2024-03-18 17:00:00";3;11;51770591;1422
"2024-03-18 17:00:00";"2024-03-18 18:00:00";3;14;1807884;1423
"2024-03-18 18:00:00";"2024-03-18 19:00:00";3;14;13132923;1424
"2024-03-18 19:00:00";"2024-03-18 20:00:00";3;2;63824877;1425
"2024-03-18 20:00:00";"2024-03-18 21:00:00";3;12;4571691;1426
"2024-03-18 21:00:00";"2024-03-18 22:00:00";3;1;75735492;1427
"2024-03-18 22:00:00";"2024-03-18 23:00:00";3;10;15529501;1428
"2024-03-18 23:00:00";"2024-03-19 00:00:00";3;25;5338138;1429
"2024-03-19 00:00:00";"2024-03-19 01:00:00";3;14;96452282;1430
"2024-03-19 01:00:00";"2024-03-19 02:00:00";3;5;44955618;1431
"2024-03-19 02:00:00";"2024-03-19 03:00:00";3;11;94517464;1432
"2024-03-19 03:00:00";"2024-03-19 04:00:00";3;1;65906313;1433
"2024-03-19 04:00:00";"2024-03-19 05:00:00";3;15;443762;1434
"2024-03-19 05:00:00";"2024-03-19 06:00:00";3;25;77302992;1435
"2024-03-19 06:00:00";"2024-03-19 07:00:00";3;21;75205331;1436
"2024-03-19 07:00:00";"2024-03-19 08:00:00";3;8;51912387;1437
